Workbook

Sheet BOOTHWISE
A1: Booth | C1: No of Valid Votes Cast in favor of | K1: Total of Valid Votes | L1: No.Of Rejected votes | M1: NOTA | N1: Total | O1: No.Of Tendered Votes
C3: J.R.LOBO | D3: D.VEDAVYASA KAMATH | E3: S | F3: K.SANTHOSH KAMATH | G3: DHARMENDRA | H3: WINNY PINTO | I3: S | J3: K.S.PAI | P3: total analytics | Q3: TOTAL VOTERS
A7: 1 | C7: 273 | D7: 500 | E7: 1 | F7: 2 | G7: 1 | H7: 0 | I7: 1 | J7: 0 | K7: 778 | L7: 0 | M7: 6 | N7: 784 | O7: 0 | P7: =C7+D7+E7+F7+G7+H7+I7+J7+M7 -> 784
A8: 2 | B8: 2 | C8: 208 | D8: 521 | E8: 2 | F8: 2 | G8: 0 | H8: 0 | I8: 3 | J8: 2 | K8: 738 | L8: 0 | M8: 4 | N8: 742 | O8: 0 | P8: =C8+D8+E8+F8+G8+H8+I8+J8+M8 -> 742
A9: 3 | B9: 3 | C9: 191 | D9: 278 | E9: 2 | F9: 0 | G9: 0 | H9: 1 | I9: 1 | J9: 0 | K9: 473 | L9: 0 | M9: 5 | N9: 478 | O9: 0 | P9: =C9+D9+E9+F9+G9+H9+I9+J9+M9 -> 478
A10: 4 | C10: 205 | D10: 736 | E10: 0 | F10: 9 | G10: 1 | H10: 0 | I10: 3 | J10: 2 | K10: 956 | L10: 0 | M10: 13 | N10: 969 | O10: 0 | P10: =C10+D10+E10+F10+G10+H10+I10+J10+M10 -> 969
A11: 5 | C11: 180 | D11: 598 | E11: 2 | F11: 1 | G11: 1 | H11: 2 | I11: 3 | J11: 1 | K11: 788 | L11: 0 | M11: 8 | N11: 796 | O11: 0 | P11: =C11+D11+E11+F11+G11+H11+I11+J11+M11 -> 796
A12: 6 | C12: 388 | D12: 497 | E12: 5 | F12: 1 | G12: 0 | H12: 0 | I12: 1 | J12: 1 | K12: 893 | L12: 0 | M12: 10 | N12: 903 | O12: 0 | P12: =C12+D12+E12+F12+G12+H12+I12+J12+M12 -> 903
A13: 7 | C13: 130 | D13: 375 | E13: 2 | F13: 1 | G13: 0 | H13: 0 | I13: 0 | J13: 0 | K13: 508 | L13: 0 | M13: 2 | N13: 510 | O13: 0 | P13: =C13+D13+E13+F13+G13+H13+I13+J13+M13 -> 510
A14: 8 | C14: 161 | D14: 366 | E14: 1 | F14: 2 | G14: 0 | H14: 0 | I14: 0 | J14: 0 | K14: 530 | L14: 0 | M14: 8 | N14: 538 | O14: 0 | P14: =C14+D14+E14+F14+G14+H14+I14+J14+M14 -> 538
A15: 9 | C15: 248 | D15: 392 | E15: 10 | F15: 4 | G15: 0 | H15: 1 | I15: 1 | J15: 0 | K15: 656 | L15: 0 | M15: 8 | N15: 664 | O15: 0 | P15: =C15+D15+E15+F15+G15+H15+I15+J15+M15 -> 664
A16: 10 | C16: 128 | D16: 340 | E16: 4 | F16: 1 | G16: 0 | H16: 1 | I16: 1 | J16: 0 | K16: 475 | L16: 0 | M16: 4 | N16: 479 | O16: 0 | P16: =C16+D16+E16+F16+G16+H16+I16+J16+M16 -> 479
A17: 11 | C17: 317 | D17: 567 | E17: 5 | F17: 2 | G17: 1 | H17: 0 | I17: 0 | J17: 0 | K17: 892 | L17: 0 | M17: 5 | N17: 897 | O17: 0 | P17: =C17+D17+E17+F17+G17+H17+I17+J17+M17 -> 897
A18: 12 | C18: 167 | D18: 343 | E18: 1 | F18: 5 | G18: 0 | H18: 0 | I18: 1 | J18: 1 | K18: 518 | L18: 0 | M18: 4 | N18: 522 | O18: 0 | P18: =C18+D18+E18+F18+G18+H18+I18+J18+M18 -> 522
A19: 13 | C19: 222 | D19: 391 | E19: 2 | F19: 1 | G19: 1 | H19: 2 | I19: 0 | J19: 0 | K19: 619 | L19: 0 | M19: 5 | N19: 624 | O19: 0 | P19: =C19+D19+E19+F19+G19+H19+I19+J19+M19 -> 624
A20: 14 | C20: 98 | D20: 273 | E20: 3 | F20: 5 | G20: 0 | H20: 0 | I20: 0 | J20: 0 | K20: 379 | L20: 0 | M20: 2 | N20: 381 | O20: 0 | P20: =C20+D20+E20+F20+G20+H20+I20+J20+M20 -> 381
A21: 15 | C21: 119 | D21: 168 | E21: 1 | F21: 2 | G21: 0 | H21: 2 | I21: 1 | J21: 0 | K21: 293 | L21: 0 | M21: 1 | N21: 294 | O21: 0 | P21: =C21+D21+E21+F21+G21+H21+I21+J21+M21 -> 294
... A250: 244 | C250: 424 | D250: 73 | E250: 0 | F250: 0 | G250: 0 | H250: 0 | I250: 1 | J250: 0 | K250: 498 | L250: 0 | M250: 0 | N250: 498 | O250: 0 | P250: =C250+D250+E250+F250+G250+H250+I250+J250+M250 -> 498
K251: =SUM(K7:K250) -> 162394 | N251: =SUM(N7:N250) -> 159414 | P251: =SUM(P7:P250) -> 159420

Sheet WARD-BOOTH
A1: WARD NAME | B1: Booth | C1: TOTAL VOTERS | D1: No of Valid Votes Cast in favor of | L1: Total of Valid Votes | M1: No.Of Rejected votes | N1: NOTA | O1: Total | P1: TOTAL POLLING % | Q1: BJP% | R1: CONGRESS % | S1: JDS % | T1: AAP% | U1: TOTAL INDEPENDENT % | V1: NOTA% | W1: TEMPTOTAL | X1: APP ENTRY TALLY
D3: J.R.LOBO | E3: D.VEDAVYASA KAMATH | F3: S | G3: K.SANTHOSH KAMATH | H3: DHARMENDRA | I3: WINNY PINTO | J3: S | K3: K.S.PAI
Y4: DIFFERENCE
A7: ALAPE NORTH | B7: 44 | C7: 1158 | D7: 182 | E7: 600 | F7: 3 | G7: 1 | H7: 1 | I7: 0 | J7: 5 | K7: 2 | L7: 794 | M7: 0 | N7: 5 | O7: =D7+E7+F7+G7+H7+I7+J7+K7+N7 -> 799 | P7: =(O7/C7)*100 -> 68.998273 | Q7: =(E7/O7)*100 -> 75.093867 | R7: =(D7/O7)*100 -> 22.778473 | S7: =(F7/O7)*100 -> 0.37546934 | T7: =(G7/O7)*100 -> 0.12515645 | U7: =((H7+I7+J7+K7)/O7)*100 -> 1.0012516 | V7: =(N7/O7)*100 -> 0.62578223 | W7: =Q7+R7+S7+T7+U7+V7 -> 100 | X7: 66.75 | Y7: =P7-X7 -> 2.2482729
B8: 189 | C8: 830 | D8: 250 | E8: 282 | F8: 0 | G8: 1 | H8: 0 | I8: 0 | J8: 1 | K8: 0 | L8: 534 | M8: 0 | N8: 2 | O8: =D8+E8+F8+G8+H8+I8+J8+K8+N8 -> 536 | P8: =(O8/C8)*100 -> 64.578313 | Q8: =(E8/O8)*100 -> 52.61194 | R8: =(D8/O8)*100 -> 46.641791 | S8: =(F8/O8)*100 -> 0 | T8: =(G8/O8)*100 -> 0.18656716 | U8: =((H8+I8+J8+K8)/O8)*100 -> 0.18656716 | V8: =(N8/O8)*100 -> 0.37313433 | W8: =Q8+R8+S8+T8+U8+V8 -> 100 | X8: 62.77 | Y8: =P8-X8 -> 1.8083133
B9: 191 | C9: 1339 | D9: 418 | E9: 376 | F9: 6 | G9: 4 | H9: 1 | I9: 2 | J9: 1 | K9: 1 | L9: 809 | M9: 0 | N9: 6 | O9: 815 | P9: =(O9/C9)*100 -> 60.866318 | Q9: =(E9/O9)*100 -> 46.134969 | R9: =(D9/O9)*100 -> 51.288344 | S9: =(F9/O9)*100 -> 0.73619632 | T9: =(G9/O9)*100 -> 0.49079755 | U9: =((H9+I9+J9+K9)/O9)*100 -> 0.61349693 | V9: =(N9/O9)*100 -> 0.73619632 | W9: =Q9+R9+S9+T9+U9+V9 -> 100 | X9: 54 | Y9: =P9-X9 -> 6.8663181
B10: 190 | C10: 774 | D10: 241 | E10: 251 | F10: 1 | G10: 0 | H10: 1 | I10: 0 | J10: 0 | K10: 0 | L10: 494 | M10: 0 | N10: 2 | O10: 496 | P10: =(O10/C10)*100 -> 64.082687 | Q10: =(E10/O10)*100 -> 50.604839 | R10: =(D10/O10)*100 -> 48.58871 | S10: =(F10/O10)*100 -> 0.2016129 | T10: =(G10/O10)*100 -> 0 | U10: =((H10+I10+J10+K10)/O10)*100 -> 0.2016129 | V10: =(N10/O10)*100 -> 0.40322581 | W10: =Q10+R10+S10+T10+U10+V10 -> 100 | X10: 63.7 | Y10: =P10-X10 -> 0.38268734
B11: 192 | C11: 1034 | D11: 330 | E11: 337 | F11: 2 | G11: 1 | H11: 1 | I11: 0 | J11: 2 | K11: 0 | L11: 673 | M11: 0 | N11: 5 | O11: 678 | P11: =(O11/C11)*100 -> 65.5706 | Q11: =(E11/O11)*100 -> 49.705015 | R11: =(D11/O11)*100 -> 48.672566 | S11: =(F11/O11)*100 -> 0.29498525 | T11: =(G11/O11)*100 -> 0.14749263 | U11: =((H11+I11+J11+K11)/O11)*100 -> 0.44247788 | V11: =(N11/O11)*100 -> 0.73746313 | W11: =Q11+R11+S11+T11+U11+V11 -> 100 | X11: 51.74 | Y11: =P11-X11 -> 13.8306
B12: 197 | C12: 1294 | D12: 360 | E12: 543 | F12: 1 | G12: 1 | H12: 0 | I12: 0 | J12: 2 | K12: 1 | L12: 908 | M12: 0 | N12: 9 | O12: 917 | P12: =(O12/C12)*100 -> 70.865533 | Q12: =(E12/O12)*100 -> 59.214831 | R12: =(D12/O12)*100 -> 39.258451 | S12: =(F12/O12)*100 -> 0.10905125 | T12: =(G12/O12)*100 -> 0.10905125 | U12: =((H12+I12+J12+K12)/O12)*100 -> 0.32715376 | V12: =(N12/O12)*100 -> 0.98146129 | W12: =Q12+R12+S12+T12+U12+V12 -> 100 | X12: 68.62 | Y12: =P12-X12 -> 2.2455332
B13: 45 | C13: 704 | D13: 171 | E13: 350 | F13: 1 | G13: 0 | H13: 0 | I13: 0 | J13: 0 | K13: 2 | L13: 524 | M13: 0 | N13: 2 | O13: =D13+E13+F13+G13+H13+I13+J13+K13+N13 -> 526 | P13: =(O13/C13)*100 -> 74.715909 | Q13: =(E13/O13)*100 -> 66.539924 | R13: =(D13/O13)*100 -> 32.509506 | S13: =(F13/O13)*100 -> 0.19011407 | T13: =(G13/O13)*100 -> 0 | U13: =((H13+I13+J13+K13)/O13)*100 -> 0.38022814 | V13: =(N13/O13)*100 -> 0.38022814 | W13: =Q13+R13+S13+T13+U13+V13 -> 100 | X13: 76.56 | Y13: =P13-X13 -> -1.8440909
A14: ALAPE SOUTH | B14: 188 | C14: 1077 | D14: 250 | E14: 476 | F14: 2 | G14: 0 | H14: 0 | I14: 0 | J14: 0 | K14: 1 | L14: 729 | M14: 0 | N14: 4 | O14: =D14+E14+F14+G14+H14+I14+J14+K14+N14 -> 733 | P14: =(O14/C14)*100 -> 68.059424 | Q14: =(E14/O14)*100 -> 64.938608 | R14: =(D14/O14)*100 -> 34.106412 | S14: =(F14/O14)*100 -> 0.2728513 | T14: =(G14/O14)*100 -> 0 | U14: =((H14+I14+J14+K14)/O14)*100 -> 0.13642565 | V14: =(N14/O14)*100 -> 0.54570259 | W14: =Q14+R14+S14+T14+U14+V14 -> 100 | X14: 66.11 | Y14: =P14-X14 -> 1.9494243
B15: 187 | C15: 1008 | D15: 135 | E15: 583 | F15: 3 | G15: 7 | H15: 0 | I15: 0 | J15: 0 | K15: 1 | L15: 729 | M15: 0 | N15: 4 | O15: =D15+E15+F15+G15+H15+I15+J15+K15+N15 -> 733 | P15: =(O15/C15)*100 -> 72.718254 | Q15: =(E15/O15)*100 -> 79.536153 | R15: =(D15/O15)*100 -> 18.417462 | S15: =(F15/O15)*100 -> 0.40927694 | T15: =(G15/O15)*100 -> 0.95497954 | U15: =((H15+I15+J15+K15)/O15)*100 -> 0.13642565 | V15: =(N15/O15)*100 -> 0.54570259 | W15: =Q15+R15+S15+T15+U15+V15 -> 100 | X15: 69.84 | Y15: =P15-X15 -> 2.878254
B16: 186 | C16: 823 | D16: 162 | E16: 450 | F16: 0 | G16: 4 | H16: 0 | I16: 0 | J16: 2 | K16: 3 | L16: 622 | M16: 0 | N16: 7 | O16: =D16+E16+F16+G16+H16+I16+J16+K16+N16 -> 628 | P16: =(O16/C16)*100 -> 76.306197 | Q16: =(E16/O16)*100 -> 71.656051 | R16: =(D16/O16)*100 -> 25.796178 | S16: =(F16/O16)*100 -> 0 | T16: =(G16/O16)*100 -> 0.63694268 | U16: =((H16+I16+J16+K16)/O16)*100 -> 0.79617834 | V16: =(N16/O16)*100 -> 1.1146497 | W16: =Q16+R16+S16+T16+U16+V16 -> 100 | X16: 73.15 | Y16: =P16-X16 -> 3.1561968
B17: 185 | C17: 523 | D17: 148 | E17: 174 | F17: 1 | G17: 1 | H17: 0 | I17: 0 | J17: 0 | K17: 0 | L17: 324 | M17: 0 | N17: 5 | O17: =D17+E17+F17+G17+H17+I17+J17+K17+N17 -> 329 | P17: =(O17/C17)*100 -> 62.90631 | Q17: =(E17/O17)*100 -> 52.887538 | R17: =(D17/O17)*100 -> 44.984802 | S17: =(F17/O17)*100 -> 0.30395137 | T17: =(G17/O17)*100 -> 0.30395137 | U17: =((H17+I17+J17+K17)/O17)*100 -> 0 | V17: =(N17/O17)*100 -> 1.5197568 | W17: =Q17+R17+S17+T17+U17+V17 -> 100 | X17: 58.13 | Y17: =P17-X17 -> 4.7763098
B18: 184 | C18: 841 | D18: 128 | E18: 402 | F18: 2 | G18: 7 | H18: 1 | I18: 0 | J18: 0 | K18: 3 | L18: 543 | M18: 0 | N18: 2 | O18: =D18+E18+F18+G18+H18+I18+J18+K18+N18 -> 545 | P18: =(O18/C18)*100 -> 64.803805 | Q18: =(E18/O18)*100 -> 73.761468 | R18: =(D18/O18)*100 -> 23.486239 | S18: =(F18/O18)*100 -> 0.36697248 | T18: =(G18/O18)*100 -> 1.2844037 | U18: =((H18+I18+J18+K18)/O18)*100 -> 0.73394495 | V18: =(N18/O18)*100 -> 0.36697248 | W18: =Q18+R18+S18+T18+U18+V18 -> 100 | X18: 62.9 | Y18: =P18-X18 -> 1.903805
B19: 209 | C19: 777 | D19: 218 | E19: 361 | F19: 1 | G19: 4 | H19: 0 | I19: 0 | J19: 0 | K19: 0 | L19: 584 | M19: 0 | N19: 2 | O19: =D19+E19+F19+G19+H19+I19+J19+K19+N19 -> 586 | P19: =(O19/C19)*100 -> 75.418275 | Q19: =(E19/O19)*100 -> 61.604096 | R19: =(D19/O19)*100 -> 37.201365 | S19: =(F19/O19)*100 -> 0.17064846 | T19: =(G19/O19)*100 -> 0.68259386 | U19: =((H19+I19+J19+K19)/O19)*100 -> 0 | V19: =(N19/O19)*100 -> 0.34129693 | W19: =Q19+R19+S19+T19+U19+V19 -> 100 | X19: 66.28 | Y19: =P19-X19 -> 9.1382754
B20: 210 | C20: 663 | D20: 153 | E20: 300 | F20: 5 | G20: 2 | H20: 0 | I20: 0 | J20: 0 | K20: 1 | L20: 461 | M20: 0 | N20: 1 | O20: =D20+E20+F20+G20+H20+I20+J20+K20+N20 -> 462 | P20: =(O20/C20)*100 -> 69.683258 | Q20: =(E20/O20)*100 -> 64.935065 | R20: =(D20/O20)*100 -> 33.116883 | S20: =(F20/O20)*100 -> 1.0822511 | T20: =(G20/O20)*100 -> 0.43290043 | U20: =((H20+I20+J20+K20)/O20)*100 -> 0.21645022 | V20: =(N20/O20)*100 -> 0.21645022 | W20: =Q20+R20+S20+T20+U20+V20 -> 100 | X20: 68.33 | Y20: =P20-X20 -> 1.3532579
A21: ATHAVARA | B21: 152 | C21: 694 | D21: 182 | E21: 268 | F21: 0 | G21: 0 | H21: 0 | I21: 1 | J21: 0 | K21: 0 | L21: 451 | M21: 0 | N21: 2 | O21: =D21+E21+F21+G21+H21+I21+J21+K21+N21 -> 453 | P21: =(O21/C21)*100 -> 65.273775 | Q21: =(E21/O21)*100 -> 59.161148 | R21: =(D21/O21)*100 -> 40.1766 | S21: =(F21/O21)*100 -> 0 | T21: =(G21/O21)*100 -> 0 | U21: =((H21+I21+J21+K21)/O21)*100 -> 0.22075055 | V21: =(N21/O21)*100 -> 0.4415011 | W21: =Q21+R21+S21+T21+U21+V21 -> 100 | X21: 61.38 | Y21: =P21-X21 -> 3.8937752
B22: 151 | C22: 967 | D22: 149 | E22: 438 | F22: 2 | G22: 2 | H22: 0 | I22: 1 | J22: 0 | K22: 0 | L22: 592 | M22: 0 | N22: 3 | O22: =D22+E22+F22+G22+H22+I22+J22+K22+N22 -> 595 | P22: =(O22/C22)*100 -> 61.530507 | Q22: =(E22/O22)*100 -> 73.613445 | R22: =(D22/O22)*100 -> 25.042017 | S22: =(F22/O22)*100 -> 0.33613445 | T22: =(G22/O22)*100 -> 0.33613445 | U22: =((H22+I22+J22+K22)/O22)*100 -> 0.16806723 | V22: =(N22/O22)*100 -> 0.50420168 | W22: =Q22+R22+S22+T22+U22+V22 -> 100 | X22: 59.05 | Y22: =P22-X22 -> 2.4805067
B23: 242 | C23: 1008 | D23: 481 | E23: 174 | F23: 0 | G23: 0 | H23: 0 | I23: 1 | J23: 1 | K23: 0 | L23: 657 | M23: 0 | N23: 1 | O23: =D23+E23+F23+G23+H23+I23+J23+K23+N23 -> 658 | P23: =(O23/C23)*100 -> 65.277778 | Q23: =(E23/O23)*100 -> 26.443769 | R23: =(D23/O23)*100 -> 73.100304 | S23: =(F23/O23)*100 -> 0 | T23: =(G23/O23)*100 -> 0 | U23: =((H23+I23+J23+K23)/O23)*100 -> 0.30395137 | V23: =(N23/O23)*100 -> 0.15197568 | W23: =Q23+R23+S23+T23+U23+V23 -> 100 | X23: 64.48 | Y23: =P23-X23 -> 0.79777778
B24: 243 | C24: 964 | D24: 254 | E24: 397 | F24: 3 | G24: 5 | H24: 1 | I24: 0 | J24: 0 | K24: 1 | L24: 661 | M24: 0 | N24: 5 | O24: =D24+E24+F24+G24+H24+I24+J24+K24+N24 -> 666 | P24: =(O24/C24)*100 -> 69.087137 | Q24: =(E24/O24)*100 -> 59.60961 | R24: =(D24/O24)*100 -> 38.138138 | S24: =(F24/O24)*100 -> 0.45045045 | T24: =(G24/O24)*100 -> 0.75075075 | U24: =((H24+I24+J24+K24)/O24)*100 -> 0.3003003 | V24: =(N24/O24)*100 -> 0.75075075 | W24: =Q24+R24+S24+T24+U24+V24 -> 100 | X24: 66.7 | Y24: =P24-X24 -> 2.3871369
B25: 221 | C25: 1018 | D25: 320 | E25: 275 | F25: 4 | G25: 1 | H25: 0 | I25: 0 | J25: 1 | K25: 0 | L25: 601 | M25: 0 | N25: 2 | O25: =D25+E25+F25+G25+H25+I25+J25+K25+N25 -> 603 | P25: =(O25/C25)*100 -> 59.233792 | Q25: =(E25/O25)*100 -> 45.605307 | R25: =(D25/O25)*100 -> 53.067993 | S25: =(F25/O25)*100 -> 0.66334992 | T25: =(G25/O25)*100 -> 0.16583748 | U25: =((H25+I25+J25+K25)/O25)*100 -> 0.16583748 | V25: =(N25/O25)*100 -> 0.33167496 | W25: =Q25+R25+S25+T25+U25+V25 -> 100 | X25: 58.45 | Y25: =P25-X25 -> 0.78379175
B26: 222 | C26: 1092 | D26: 332 | E26: 330 | F26: 2 | G26: 5 | H26: 0 | I26: 1 | J26: 2 | K26: 0 | L26: 672 | M26: 0 | N26: 3 | O26: =D26+E26+F26+G26+H26+I26+J26+K26+N26 -> 675 | P26: =(O26/C26)*100 -> 61.813187 | Q26: =(E26/O26)*100 -> 48.888889 | R26: =(D26/O26)*100 -> 49.185185 | S26: =(F26/O26)*100 -> 0.2962963 | T26: =(G26/O26)*100 -> 0.74074074 | U26: =((H26+I26+J26+K26)/O26)*100 -> 0.44444444 | V26: =(N26/O26)*100 -> 0.44444444 | W26: =Q26+R26+S26+T26+U26+V26 -> 100 | X26: 61.17 | Y26: =P26-X26 -> 0.64318681
B27: 153 | C27: 883 | D27: 189 | E27: 397 | F27: 1 | G27: 3 | H27: 0 | I27: 0 | J27: 0 | K27: 1 | L27: 591 | M27: 0 | N27: 4 | O27: =D27+E27+F27+G27+H27+I27+J27+K27+N27 -> 595 | P27: =(O27/C27)*100 -> 67.383918 | Q27: =(E27/O27)*100 -> 66.722689 | R27: =(D27/O27)*100 -> 31.764706 | S27: =(F27/O27)*100 -> 0.16806723 | T27: =(G27/O27)*100 -> 0.50420168 | U27: =((H27+I27+J27+K27)/O27)*100 -> 0.16806723 | V27: =(N27/O27)*100 -> 0.67226891 | W27: =Q27+R27+S27+T27+U27+V27 -> 100 | X27: 64.89 | Y27: =P27-X27 -> 2.4939185
A28: BAJAL | B28: 202 | C28: 1128 | D28: 574 | E28: 251 | F28: 6 | G28: 2 | H28: 1 | I28: 1 | J28: 1 | K28: 1 | L28: 837 | M28: 0 | N28: 1 | O28: =D28+E28+F28+G28+H28+I28+J28+K28+N28 -> 838 | P28: =(O28/C28)*100 -> 74.29078 | Q28: =(E28/O28)*100 -> 29.952267 | R28: =(D28/O28)*100 -> 68.49642 | S28: =(F28/O28)*100 -> 0.71599045 | T28: =(G28/O28)*100 -> 0.23866348 | U28: =((H28+I28+J28+K28)/O28)*100 -> 0.47732697 | V28: =(N28/O28)*100 -> 0.11933174 | W28: =Q28+R28+S28+T28+U28+V28 -> 100 | X28: 65.51 | Y28: =P28-X28 -> 8.7807801
B29: 201 | C29: 1223 | D29: 717 | E29: 66 | F29: 6 | G29: 0 | H29: 0 | I29: 0 | J29: 1 | K29: 1 | L29: 791 | M29: 0 | N29: 7 | O29: =D29+E29+F29+G29+H29+I29+J29+K29+N29 -> 798 | P29: =(O29/C29)*100 -> 65.249387 | Q29: =(E29/O29)*100 -> 8.2706767 | R29: =(D29/O29)*100 -> 89.849624 | S29: =(F29/O29)*100 -> 0.7518797 | T29: =(G29/O29)*100 -> 0 | U29: =((H29+I29+J29+K29)/O29)*100 -> 0.25062657 | V29: =(N29/O29)*100 -> 0.87719298 | W29: =Q29+R29+S29+T29+U29+V29 -> 100 | X29: 30.25 | Y29: =P29-X29 -> 34.999387
B30: 203 | C30: 1423 | D30: 740 | E30: 260 | F30: 38 | G30: 1 | H30: 0 | I30: 2 | J30: 0 | K30: 1 | L30: 1042 | M30: 0 | N30: 1 | O30: =D30+E30+F30+G30+H30+I30+J30+K30+N30 -> 1043 | P30: =(O30/C30)*100 -> 73.295854 | Q30: =(E30/O30)*100 -> 24.928092 | R30: =(D30/O30)*100 -> 70.949185 | S30: =(F30/O30)*100 -> 3.6433365 | T30: =(G30/O30)*100 -> 0.095877277 | U30: =((H30+I30+J30+K30)/O30)*100 -> 0.28763183 | V30: =(N30/O30)*100 -> 0.095877277 | W30: =Q30+R30+S30+T30+U30+V30 -> 100 | X30: 68.66 | Y30: =P30-X30 -> 4.6358538
B31: 204 | C31: 933 | D31: 141 | E31: 527 | F31: 1 | G31: 0 | H31: 0 | I31: 1 | J31: 0 | K31: 3 | L31: 673 | M31: 0 | N31: 7 | O31: =D31+E31+F31+G31+H31+I31+J31+K31+N31 -> 680 | P31: =(O31/C31)*100 -> 72.883173 | Q31: =(E31/O31)*100 -> 77.5 | R31: =(D31/O31)*100 -> 20.735294 | S31: =(F31/O31)*100 -> 0.14705882 | T31: =(G31/O31)*100 -> 0 | U31: =((H31+I31+J31+K31)/O31)*100 -> 0.58823529 | V31: =(N31/O31)*100 -> 1.0294118 | W31: =Q31+R31+S31+T31+U31+V31 -> 100 | X31: 23.04 | Y31: =P31-X31 -> 49.843173
B32: 206 | C32: 721 | D32: 254 | E32: 215 | F32: 26 | G32: 0 | H32: 0 | I32: 0 | J32: 0 | K32: 1 | L32: 496 | M32: 0 | N32: 2 | O32: =D32+E32+F32+G32+H32+I32+J32+K32+N32 -> 498 | P32: =(O32/C32)*100 -> 69.070735 | Q32: =(E32/O32)*100 -> 43.172691 | R32: =(D32/O32)*100 -> 51.004016 | S32: =(F32/O32)*100 -> 5.2208835 | T32: =(G32/O32)*100 -> 0 | U32: =((H32+I32+J32+K32)/O32)*100 -> 0.20080321 | V32: =(N32/O32)*100 -> 0.40160643 | W32: =Q32+R32+S32+T32+U32+V32 -> 100 | X32: 58.95 | Y32: =P32-X32 -> 10.120735
B33: 205 | C33: 1015 | D33: 320 | E33: 350 | F33: 13 | G33: 0 | H33: 0 | I33: 1 | J33: 4 | K33: 1 | L33: 689 | M33: 0 | N33: 3 | O33: =D33+E33+F33+G33+H33+I33+J33+K33+N33 -> 692 | P33: =(O33/C33)*100 -> 68.17734 | Q33: =(E33/O33)*100 -> 50.578035 | R33: =(D33/O33)*100 -> 46.242775 | S33: =(F33/O33)*100 -> 1.8786127 | T33: =(G33/O33)*100 -> 0 | U33: =((H33+I33+J33+K33)/O33)*100 -> 0.86705202 | V33: =(N33/O33)*100 -> 0.43352601 | W33: =Q33+R33+S33+T33+U33+V33 -> 100 | X33: 63.05 | Y33: =P33-X33 -> 5.1273399
B34: 207 | C34: 1230 | D34: 275 | E34: 556 | F34: 3 | G34: 0 | H34: 0 | I34: 0 | J34: 0 | K34: 1 | L34: 835 | M34: 0 | N34: 7 | O34: =D34+E34+F34+G34+H34+I34+J34+K34+N34 -> 842 | P34: =(O34/C34)*100 -> 68.455285 | Q34: =(E34/O34)*100 -> 66.033254 | R34: =(D34/O34)*100 -> 32.660333 | S34: =(F34/O34)*100 -> 0.35629454 | T34: =(G34/O34)*100 -> 0 | U34: =((H34+I34+J34+K34)/O34)*100 -> 0.11876485 | V34: =(N34/O34)*100 -> 0.83135392 | W34: =Q34+R34+S34+T34+U34+V34 -> 100 | X34: 63.01 | Y34: =P34-X34 -> 5.4452846
B35: 208 | C35: 500 | D35: 141 | E35: 181 | F35: 1 | G35: 1 | H35: 0 | I35: 0 | J35: 0 | K35: 0 | L35: 324 | M35: 0 | N35: 0 | O35: =D35+E35+F35+G35+H35+I35+J35+K35+N35 -> 324 | P35: =(O35/C35)*100 -> 64.8 | Q35: =(E35/O35)*100 -> 55.864198 | R35: =(D35/O35)*100 -> 43.518519 | S35: =(F35/O35)*100 -> 0.30864198 | T35: =(G35/O35)*100 -> 0.30864198 | U35: =((H35+I35+J35+K35)/O35)*100 -> 0 | V35: =(N35/O35)*100 -> 0 | W35: =Q35+R35+S35+T35+U35+V35 -> 100 | X35: 63.4 | Y35: =P35-X35 -> 1.4
A36: BEJAI | B36: 15 | C36: 489 | D36: 119 | E36: 168 | F36: 1 | G36: 2 | H36: 0 | I36: 2 | J36: 1 | K36: 0 | L36: 293 | M36: 0 | N36: 1 | O36: =D36+E36+F36+G36+H36+I36+J36+K36+N36 -> 294 | P36: =(O36/C36)*100 -> 60.122699 | Q36: =(E36/O36)*100 -> 57.142857 | R36: =(D36/O36)*100 -> 40.47619 | S36: =(F36/O36)*100 -> 0.34013605 | T36: =(G36/O36)*100 -> 0.68027211 | U36: =((H36+I36+J36+K36)/O36)*100 -> 1.0204082 | V36: =(N36/O36)*100 -> 0.34013605 | W36: =Q36+R36+S36+T36+U36+V36 -> 100 | X36: 52.56 | Y36: =P36-X36 -> 7.5626994
B37: 16 | C37: 1042 | D37: 192 | E37: 439 | F37: 2 | G37: 3 | H37: 1 | I37: 0 | J37: 0 | K37: 0 | L37: 637 | M37: 0 | N37: 9 | O37: =D37+E37+F37+G37+H37+I37+J37+K37+N37 -> 646 | P37: =(O37/C37)*100 -> 61.996161 | Q37: =(E37/O37)*100 -> 67.956656 | R37: =(D37/O37)*100 -> 29.721362 | S37: =(F37/O37)*100 -> 0.30959752 | T37: =(G37/O37)*100 -> 0.46439628 | U37: =((H37+I37+J37+K37)/O37)*100 -> 0.15479876 | V37: =(N37/O37)*100 -> 1.3931889 | W37: =Q37+R37+S37+T37+U37+V37 -> 100 | X37: 57.97 | Y37: =P37-X37 -> 4.0261612
B38: 18 | C38: 1159 | D38: 293 | E38: 392 | F38: 1 | G38: 2 | H38: 1 | I38: 2 | J38: 0 | K38: 0 | L38: 691 | M38: 0 | N38: 5 | O38: =D38+E38+F38+G38+H38+I38+J38+K38+N38 -> 696 | P38: =(O38/C38)*100 -> 60.051769 | Q38: =(E38/O38)*100 -> 56.321839 | R38: =(D38/O38)*100 -> 42.097701 | S38: =(F38/O38)*100 -> 0.14367816 | T38: =(G38/O38)*100 -> 0.28735632 | U38: =((H38+I38+J38+K38)/O38)*100 -> 0.43103448 | V38: =(N38/O38)*100 -> 0.7183908 | W38: =Q38+R38+S38+T38+U38+V38 -> 100 | X38: 56.34 | Y38: =P38-X38 -> 3.7117688
B39: 19 | C39: 1142 | D39: 269 | E39: 472 | F39: 1 | G39: 2 | H39: 0 | I39: 0 | J39: 2 | K39: 0 | L39: 746 | M39: 0 | N39: 11 | O39: =D39+E39+F39+G39+H39+I39+J39+K39+N39 -> 757 | P39: =(O39/C39)*100 -> 66.287215 | Q39: =(E39/O39)*100 -> 62.351387 | R39: =(D39/O39)*100 -> 35.535007 | S39: =(F39/O39)*100 -> 0.1321004 | T39: =(G39/O39)*100 -> 0.26420079 | U39: =((H39+I39+J39+K39)/O39)*100 -> 0.26420079 | V39: =(N39/O39)*100 -> 1.4531044 | W39: =Q39+R39+S39+T39+U39+V39 -> 100 | X39: 58.49 | Y39: =P39-X39 -> 7.7972154
B40: 23 | C40: 1102 | D40: 270 | E40: 458 | F40: 0 | G40: 5 | H40: 0 | I40: 0 | J40: 0 | K40: 0 | L40: 733 | M40: 0 | N40: 7 | O40: =D40+E40+F40+G40+H40+I40+J40+K40+N40 -> 740 | P40: =(O40/C40)*100 -> 67.150635 | Q40: =(E40/O40)*100 -> 61.891892 | R40: =(D40/O40)*100 -> 36.486486 | S40: =(F40/O40)*100 -> 0 | T40: =(G40/O40)*100 -> 0.67567568 | U40: =((H40+I40+J40+K40)/O40)*100 -> 0 | V40: =(N40/O40)*100 -> 0.94594595 | W40: =Q40+R40+S40+T40+U40+V40 -> 100 | X40: 65.52 | Y40: =P40-X40 -> 1.6306352
B41: 21 | C41: 896 | D41: 222 | E41: 284 | F41: 4 | G41: 6 | H41: 0 | I41: 0 | J41: 1 | K41: 0 | L41: 517 | M41: 0 | N41: 6 | O41: =D41+E41+F41+G41+H41+I41+J41+K41+N41 -> 523 | P41: =(O41/C41)*100 -> 58.370536 | Q41: =(E41/O41)*100 -> 54.302103 | R41: =(D41/O41)*100 -> 42.447419 | S41: =(F41/O41)*100 -> 0.76481836 | T41: =(G41/O41)*100 -> 1.1472275 | U41: =((H41+I41+J41+K41)/O41)*100 -> 0.19120459 | V41: =(N41/O41)*100 -> 1.1472275 | W41: =Q41+R41+S41+T41+U41+V41 -> 100 | X41: 58.26 | Y41: =P41-X41 -> 0.11053571
B42: 20 | C42: 1386 | D42: 325 | E42: 439 | F42: 5 | G42: 1 | H42: 0 | I42: 0 | J42: 3 | K42: 1 | L42: 774 | M42: 0 | N42: 8 | O42: =D42+E42+F42+G42+H42+I42+J42+K42+N42 -> 782 | P42: =(O42/C42)*100 -> 56.421356 | Q42: =(E42/O42)*100 -> 56.138107 | R42: =(D42/O42)*100 -> 41.560102 | S42: =(F42/O42)*100 -> 0.63938619 | T42: =(G42/O42)*100 -> 0.12787724 | U42: =((H42+I42+J42+K42)/O42)*100 -> 0.51150895 | V42: =(N42/O42)*100 -> 1.0230179 | W42: =Q42+R42+S42+T42+U42+V42 -> 100 | X42: 55.34 | Y42: =P42-X42 -> 1.0813564
A43: BENDOOR | B43: 162 | C43: 1088 | D43: 431 | E43: 118 | F43: 7 | G43: 1 | H43: 0 | I43: 0 | J43: 0 | K43: 0 | L43: 557 | M43: 0 | N43: 4 | O43: =D43+E43+F43+G43+H43+I43+J43+K43+N43 -> 561 | P43: =(O43/C43)*100 -> 51.5625 | Q43: =(E43/O43)*100 -> 21.033868 | R43: =(D43/O43)*100 -> 76.827094 | S43: =(F43/O43)*100 -> 1.2477718 | T43: =(G43/O43)*100 -> 0.17825312 | U43: =((H43+I43+J43+K43)/O43)*100 -> 0 | V43: =(N43/O43)*100 -> 0.71301248 | W43: =Q43+R43+S43+T43+U43+V43 -> 100 | X43: 0 | Y43: =P43-X43 -> 51.5625
B44: 163 | C44: 1123 | D44: 492 | E44: 151 | F44: 5 | G44: 5 | H44: 0 | I44: 0 | J44: 0 | K44: 0 | L44: 653 | M44: 0 | N44: 5 | O44: =D44+E44+F44+G44+H44+I44+J44+K44+N44 -> 658 | P44: =(O44/C44)*100 -> 58.593054 | Q44: =(E44/O44)*100 -> 22.948328 | R44: =(D44/O44)*100 -> 74.772036 | S44: =(F44/O44)*100 -> 0.75987842 | T44: =(G44/O44)*100 -> 0.75987842 | U44: =((H44+I44+J44+K44)/O44)*100 -> 0 | V44: =(N44/O44)*100 -> 0.75987842 | W44: =Q44+R44+S44+T44+U44+V44 -> 100 | X44: 45.24 | Y44: =P44-X44 -> 13.353054
B45: 134 | C45: 809 | D45: 329 | E45: 190 | F45: 0 | G45: 3 | H45: 0 | I45: 2 | J45: 0 | K45: 0 | L45: 524 | M45: 0 | N45: 4 | O45: =D45+E45+F45+G45+H45+I45+J45+K45+N45 -> 528 | P45: =(O45/C45)*100 -> 65.26576 | Q45: =(E45/O45)*100 -> 35.984848 | R45: =(D45/O45)*100 -> 62.310606 | S45: =(F45/O45)*100 -> 0 | T45: =(G45/O45)*100 -> 0.56818182 | U45: =((H45+I45+J45+K45)/O45)*100 -> 0.37878788 | V45: =(N45/O45)*100 -> 0.75757576 | W45: =Q45+R45+S45+T45+U45+V45 -> 100 | X45: 56.49 | Y45: =P45-X45 -> 8.7757602
B46: 136 | C46: 1154 | D46: 383 | E46: 262 | F46: 0 | G46: 5 | H46: 0 | I46: 0 | J46: 0 | K46: 1 | L46: 651 | M46: 0 | N46: 4 | O46: =D46+E46+F46+G46+H46+I46+J46+K46+N46 -> 655 | P46: =(O46/C46)*100 -> 56.759099 | Q46: =(E46/O46)*100 -> 40 | R46: =(D46/O46)*100 -> 58.473282 | S46: =(F46/O46)*100 -> 0 | T46: =(G46/O46)*100 -> 0.76335878 | U46: =((H46+I46+J46+K46)/O46)*100 -> 0.15267176 | V46: =(N46/O46)*100 -> 0.61068702 | W46: =Q46+R46+S46+T46+U46+V46 -> 100 | X46: 53.12 | Y46: =P46-X46 -> 3.6390988
B47: 129 | C47: 922 | D47: 365 | E47: 179 | F47: 2 | G47: 2 | H47: 0 | I47: 1 | J47: 0 | K47: 0 | L47: 549 | M47: 0 | N47: 5 | O47: =D47+E47+F47+G47+H47+I47+J47+K47+N47 -> 554 | P47: =(O47/C47)*100 -> 60.086768 | Q47: =(E47/O47)*100 -> 32.310469 | R47: =(D47/O47)*100 -> 65.884477 | S47: =(F47/O47)*100 -> 0.36101083 | T47: =(G47/O47)*100 -> 0.36101083 | U47: =((H47+I47+J47+K47)/O47)*100 -> 0.18050542 | V47: =(N47/O47)*100 -> 0.90252708 | W47: =Q47+R47+S47+T47+U47+V47 -> 100 | X47: 58.46 | Y47: =P47-X47 -> 1.6267679
B48: 167 | C48: 836 | D48: 306 | E48: 99 | F48: 3 | G48: 0 | H48: 0 | I48: 0 | J48: 0 | K48: 0 | L48: 408 | M48: 0 | N48: 2 | O48: =D48+E48+F48+G48+H48+I48+J48+K48+N48 -> 410 | P48: =(O48/C48)*100 -> 49.043062 | Q48: =(E48/O48)*100 -> 24.146341 | R48: =(D48/O48)*100 -> 74.634146 | S48: =(F48/O48)*100 -> 0.73170732 | T48: =(G48/O48)*100 -> 0 | U48: =((H48+I48+J48+K48)/O48)*100 -> 0 | V48: =(N48/O48)*100 -> 0.48780488 | W48: =Q48+R48+S48+T48+U48+V48 -> 100 | X48: 47.73 | Y48: =P48-X48 -> 1.3130622
A49: BENGRE | B49: 94 | C49: 721 | D49: 66 | E49: 483 | F49: 3 | G49: 1 | H49: 0 | I49: 0 | J49: 1 | K49: 1 | L49: 555 | M49: 0 | N49: 2 | O49: =D49+E49+F49+G49+H49+I49+J49+K49+N49 -> 557 | P49: =(O49/C49)*100 -> 77.253814 | Q49: =(E49/O49)*100 -> 86.714542 | R49: =(D49/O49)*100 -> 11.849192 | S49: =(F49/O49)*100 -> 0.53859964 | T49: =(G49/O49)*100 -> 0.17953321 | U49: =((H49+I49+J49+K49)/O49)*100 -> 0.35906643 | V49: =(N49/O49)*100 -> 0.35906643 | W49: =Q49+R49+S49+T49+U49+V49 -> 100 | X49: 0 | Y49: =P49-X49 -> 77.253814
B50: 95 | C50: 1313 | D50: 735 | E50: 130 | F50: 18 | G50: 0 | H50: 0 | I50: 0 | J50: 0 | K50: 1 | L50: 884 | M50: 0 | N50: 4 | O50: =D50+E50+F50+G50+H50+I50+J50+K50+N50 -> 888 | P50: =(O50/C50)*100 -> 67.631379 | Q50: =(E50/O50)*100 -> 14.63964 | R50: =(D50/O50)*100 -> 82.77027 | S50: =(F50/O50)*100 -> 2.027027 | T50: =(G50/O50)*100 -> 0 | U50: =((H50+I50+J50+K50)/O50)*100 -> 0.11261261 | V50: =(N50/O50)*100 -> 0.45045045 | W50: =Q50+R50+S50+T50+U50+V50 -> 100 | X50: 0 | Y50: =P50-X50 -> 67.631379
B51: 96 | C51: 1112 | D51: 687 | E51: 56 | F51: 17 | G51: 1 | H51: 0 | I51: 0 | J51: 0 | K51: 0 | L51: 761 | M51: 0 | N51: 4 | O51: =D51+E51+F51+G51+H51+I51+J51+K51+N51 -> 765 | P51: =(O51/C51)*100 -> 68.794964 | Q51: =(E51/O51)*100 -> 7.3202614 | R51: =(D51/O51)*100 -> 89.803922 | S51: =(F51/O51)*100 -> 2.2222222 | T51: =(G51/O51)*100 -> 0.13071895 | U51: =((H51+I51+J51+K51)/O51)*100 -> 0 | V51: =(N51/O51)*100 -> 0.52287582 | W51: =Q51+R51+S51+T51+U51+V51 -> 100 | X51: 0 | Y51: =P51-X51 -> 68.794964
B52: 99 | C52: 1399 | D52: 868 | E52: 50 | F52: 14 | G52: 1 | H52: 0 | I52: 0 | J52: 2 | K52: 2 | L52: 937 | M52: 0 | N52: 9 | O52: =D52+E52+F52+G52+H52+I52+J52+K52+N52 -> 946 | P52: =(O52/C52)*100 -> 67.619728 | Q52: =(E52/O52)*100 -> 5.2854123 | R52: =(D52/O52)*100 -> 91.754757 | S52: =(F52/O52)*100 -> 1.4799154 | T52: =(G52/O52)*100 -> 0.10570825 | U52: =((H52+I52+J52+K52)/O52)*100 -> 0.42283298 | V52: =(N52/O52)*100 -> 0.95137421 | W52: =Q52+R52+S52+T52+U52+V52 -> 100 | X52: 0 | Y52: =P52-X52 -> 67.619728
B53: 97 | C53: 777 | D53: 505 | E53: 25 | F53: 7 | G53: 1 | H53: 0 | I53: 0 | J53: 1 | K53: 0 | L53: 539 | M53: 0 | N53: 7 | O53: =D53+E53+F53+G53+H53+I53+J53+K53+N53 -> 546 | P53: =(O53/C53)*100 -> 70.27027 | Q53: =(E53/O53)*100 -> 4.5787546 | R53: =(D53/O53)*100 -> 92.490842 | S53: =(F53/O53)*100 -> 1.2820513 | T53: =(G53/O53)*100 -> 0.18315018 | U53: =((H53+I53+J53+K53)/O53)*100 -> 0.18315018 | V53: =(N53/O53)*100 -> 1.2820513 | W53: =Q53+R53+S53+T53+U53+V53 -> 100 | X53: 0 | Y53: =P53-X53 -> 70.27027
B54: 100 | C54: 1285 | D54: 727 | E54: 65 | F54: 29 | G54: 4 | H54: 0 | I54: 0 | J54: 1 | K54: 0 | L54: 826 | M54: 0 | N54: 2 | O54: =D54+E54+F54+G54+H54+I54+J54+K54+N54 -> 828 | P54: =(O54/C54)*100 -> 64.435798 | Q54: =(E54/O54)*100 -> 7.8502415 | R54: =(D54/O54)*100 -> 87.801932 | S54: =(F54/O54)*100 -> 3.5024155 | T54: =(G54/O54)*100 -> 0.48309179 | U54: =((H54+I54+J54+K54)/O54)*100 -> 0.12077295 | V54: =(N54/O54)*100 -> 0.24154589 | W54: =Q54+R54+S54+T54+U54+V54 -> 100 | X54: 0 | Y54: =P54-X54 -> 64.435798
B55: 98 | C55: 1230 | D55: 667 | E55: 96 | F55: 18 | G55: 1 | H55: 0 | I55: 0 | J55: 1 | K55: 0 | L55: 783 | M55: 0 | N55: 5 | O55: =D55+E55+F55+G55+H55+I55+J55+K55+N55 -> 788 | P55: =(O55/C55)*100 -> 64.065041 | Q55: =(E55/O55)*100 -> 12.182741 | R55: =(D55/O55)*100 -> 84.64467 | S55: =(F55/O55)*100 -> 2.284264 | T55: =(G55/O55)*100 -> 0.12690355 | U55: =((H55+I55+J55+K55)/O55)*100 -> 0.12690355 | V55: =(N55/O55)*100 -> 0.63451777 | W55: =Q55+R55+S55+T55+U55+V55 -> 100 | X55: 0 | Y55: =P55-X55 -> 64.065041
B56: 101 | C56: 1029 | D56: 103 | E56: 695 | F56: 2 | G56: 2 | H56: 0 | I56: 1 | J56: 1 | K56: 4 | L56: 808 | M56: 0 | N56: 0 | O56: =D56+E56+F56+G56+H56+I56+J56+K56+N56 -> 808 | P56: =(O56/C56)*100 -> 78.522838 | Q56: =(E56/O56)*100 -> 86.014851 | R56: =(D56/O56)*100 -> 12.747525 | S56: =(F56/O56)*100 -> 0.24752475 | T56: =(G56/O56)*100 -> 0.24752475 | U56: =((H56+I56+J56+K56)/O56)*100 -> 0.74257426 | V56: =(N56/O56)*100 -> 0 | W56: =Q56+R56+S56+T56+U56+V56 -> 100 | X56: 50.53 | Y56: =P56-X56 -> 27.992838
B57: 103 | C57: 1249 | D57: 136 | E57: 858 | F57: 1 | G57: 0 | H57: 1 | I57: 1 | J57: 1 | K57: 1 | L57: 999 | M57: 0 | N57: 8 | O57: =D57+E57+F57+G57+H57+I57+J57+K57+N57 -> 1007 | P57: =(O57/C57)*100 -> 80.6245 | Q57: =(E57/O57)*100 -> 85.203575 | R57: =(D57/O57)*100 -> 13.505462 | S57: =(F57/O57)*100 -> 0.099304866 | T57: =(G57/O57)*100 -> 0 | U57: =((H57+I57+J57+K57)/O57)*100 -> 0.39721946 | V57: =(N57/O57)*100 -> 0.79443893 | W57: =Q57+R57+S57+T57+U57+V57 -> 100 | X57: 0 | Y57: =P57-X57 -> 80.6245
B58: 102 | C58: 571 | D58: 200 | E58: 235 | F58: 0 | G58: 0 | H58: 0 | I58: 0 | J58: 0 | K58: 0 | L58: 435 | M58: 0 | N58: 1 | O58: =D58+E58+F58+G58+H58+I58+J58+K58+N58 -> 436 | P58: =(O58/C58)*100 -> 76.357268 | Q58: =(E58/O58)*100 -> 53.899083 | R58: =(D58/O58)*100 -> 45.87156 | S58: =(F58/O58)*100 -> 0 | T58: =(G58/O58)*100 -> 0 | U58: =((H58+I58+J58+K58)/O58)*100 -> 0 | V58: =(N58/O58)*100 -> 0.2293578 | W58: =Q58+R58+S58+T58+U58+V58 -> 100 | X58: 35.2 | Y58: =P58-X58 -> 41.157268
A59: BOLAR | B59: 237 | C59: 1302 | D59: 229 | E59: 594 | F59: 4 | G59: 5 | H59: 0 | I59: 0 | J59: 0 | K59: 1 | L59: 833 | M59: 0 | N59: 11 | O59: =D59+E59+F59+G59+H59+I59+J59+K59+N59 -> 844 | P59: =(O59/C59)*100 -> 64.823349 | Q59: =(E59/O59)*100 -> 70.379147 | R59: =(D59/O59)*100 -> 27.132701 | S59: =(F59/O59)*100 -> 0.47393365 | T59: =(G59/O59)*100 -> 0.59241706 | U59: =((H59+I59+J59+K59)/O59)*100 -> 0.11848341 | V59: =(N59/O59)*100 -> 1.3033175 | W59: =Q59+R59+S59+T59+U59+V59 -> 100 | X59: 59.29 | Y59: =P59-X59 -> 5.5333487
B60: 238 | C60: 1274 | D60: 337 | E60: 499 | F60: 0 | G60: 4 | H60: 0 | I60: 1 | J60: 0 | K60: 2 | L60: 843 | M60: 0 | N60: 4 | O60: =D60+E60+F60+G60+H60+I60+J60+K60+N60 -> 847 | P60: =(O60/C60)*100 -> 66.483516 | Q60: =(E60/O60)*100 -> 58.913813 | R60: =(D60/O60)*100 -> 39.787485 | S60: =(F60/O60)*100 -> 0 | T60: =(G60/O60)*100 -> 0.47225502 | U60: =((H60+I60+J60+K60)/O60)*100 -> 0.35419126 | V60: =(N60/O60)*100 -> 0.47225502 | W60: =Q60+R60+S60+T60+U60+V60 -> 100 | X60: 55.34 | Y60: =P60-X60 -> 11.143516
B61: 236 | C61: 1002 | D61: 184 | E61: 466 | F61: 0 | G61: 0 | H61: 0 | I61: 0 | J61: 0 | K61: 0 | L61: 650 | M61: 0 | N61: 1 | O61: =D61+E61+F61+G61+H61+I61+J61+K61+N61 -> 651 | P61: =(O61/C61)*100 -> 64.97006 | Q61: =(E61/O61)*100 -> 71.582181 | R61: =(D61/O61)*100 -> 28.264209 | S61: =(F61/O61)*100 -> 0 | T61: =(G61/O61)*100 -> 0 | U61: =((H61+I61+J61+K61)/O61)*100 -> 0 | V61: =(N61/O61)*100 -> 0.15360983 | W61: =Q61+R61+S61+T61+U61+V61 -> 100 | X61: 56.49 | Y61: =P61-X61 -> 8.4800599
B62: 230 | C62: 954 | D62: 147 | E62: 501 | F62: 2 | G62: 0 | H62: 0 | I62: 2 | J62: 1 | K62: 0 | L62: 653 | M62: 0 | N62: 1 | O62: =D62+E62+F62+G62+H62+I62+J62+K62+N62 -> 654 | P62: =(O62/C62)*100 -> 68.553459 | Q62: =(E62/O62)*100 -> 76.605505 | R62: =(D62/O62)*100 -> 22.477064 | S62: =(F62/O62)*100 -> 0.3058104 | T62: =(G62/O62)*100 -> 0 | U62: =((H62+I62+J62+K62)/O62)*100 -> 0.4587156 | V62: =(N62/O62)*100 -> 0.1529052 | W62: =Q62+R62+S62+T62+U62+V62 -> 100 | X62: 66.77 | Y62: =P62-X62 -> 1.7834591
B63: 231 | C63: 617 | D63: 182 | E63: 154 | F63: 0 | G63: 2 | H63: 1 | I63: 0 | J63: 0 | K63: 0 | L63: 339 | M63: 0 | N63: 1 | O63: =D63+E63+F63+G63+H63+I63+J63+K63+N63 -> 340 | P63: =(O63/C63)*100 -> 55.105348 | Q63: =(E63/O63)*100 -> 45.294118 | R63: =(D63/O63)*100 -> 53.529412 | S63: =(F63/O63)*100 -> 0 | T63: =(G63/O63)*100 -> 0.58823529 | U63: =((H63+I63+J63+K63)/O63)*100 -> 0.29411765 | V63: =(N63/O63)*100 -> 0.29411765 | W63: =Q63+R63+S63+T63+U63+V63 -> 100 | X63: 49.59 | Y63: =P63-X63 -> 5.5153485
B64: 225 | C64: 1140 | D64: 381 | E64: 428 | F64: 3 | G64: 4 | H64: 0 | I64: 1 | J64: 0 | K64: 3 | L64: 820 | M64: 0 | N64: 7 | O64: =D64+E64+F64+G64+H64+I64+J64+K64+N64 -> 827 | P64: =(O64/C64)*100 -> 72.54386 | Q64: =(E64/O64)*100 -> 51.753325 | R64: =(D64/O64)*100 -> 46.070133 | S64: =(F64/O64)*100 -> 0.36275695 | T64: =(G64/O64)*100 -> 0.48367594 | U64: =((H64+I64+J64+K64)/O64)*100 -> 0.48367594 | V64: =(N64/O64)*100 -> 0.84643289 | W64: =Q64+R64+S64+T64+U64+V64 -> 100 | X64: 72.28 | Y64: =P64-X64 -> 0.26385965
A65: BOLOOR | B65: 93 | C65: 805 | D65: 243 | E65: 381 | F65: 0 | G65: 0 | H65: 0 | I65: 1 | J65: 0 | K65: 0 | L65: 625 | M65: 0 | N65: 2 | O65: =D65+E65+F65+G65+H65+I65+J65+K65+N65 -> 627 | P65: =(O65/C65)*100 -> 77.888199 | Q65: =(E65/O65)*100 -> 60.76555 | R65: =(D65/O65)*100 -> 38.755981 | S65: =(F65/O65)*100 -> 0 | T65: =(G65/O65)*100 -> 0 | U65: =((H65+I65+J65+K65)/O65)*100 -> 0.15948963 | V65: =(N65/O65)*100 -> 0.31897927 | W65: =Q65+R65+S65+T65+U65+V65 -> 100 | X65: 38.14 | Y65: =P65-X65 -> 39.748199
B66: 92 | C66: 561 | D66: 76 | E66: 357 | F66: 0 | G66: 1 | H66: 0 | I66: 0 | J66: 0 | K66: 2 | L66: 436 | M66: 0 | N66: 3 | O66: =D66+E66+F66+G66+H66+I66+J66+K66+N66 -> 439 | P66: =(O66/C66)*100 -> 78.253119 | Q66: =(E66/O66)*100 -> 81.321185 | R66: =(D66/O66)*100 -> 17.312073 | S66: =(F66/O66)*100 -> 0 | T66: =(G66/O66)*100 -> 0.22779043 | U66: =((H66+I66+J66+K66)/O66)*100 -> 0.45558087 | V66: =(N66/O66)*100 -> 0.6833713 | W66: =Q66+R66+S66+T66+U66+V66 -> 100 | X66: 23.71 | Y66: =P66-X66 -> 54.543119
B67: 91 | C67: 1152 | D67: 157 | E67: 621 | F67: 1 | G67: 3 | H67: 0 | I67: 0 | J67: 0 | K67: 3 | L67: 785 | M67: 0 | N67: 9 | O67: =D67+E67+F67+G67+H67+I67+J67+K67+N67 -> 794 | P67: =(O67/C67)*100 -> 68.923611 | Q67: =(E67/O67)*100 -> 78.211587 | R67: =(D67/O67)*100 -> 19.7733 | S67: =(F67/O67)*100 -> 0.12594458 | T67: =(G67/O67)*100 -> 0.37783375 | U67: =((H67+I67+J67+K67)/O67)*100 -> 0.37783375 | V67: =(N67/O67)*100 -> 1.1335013 | W67: =Q67+R67+S67+T67+U67+V67 -> 100 | X67: 0 | Y67: =P67-X67 -> 68.923611
B68: 82 | C68: 1217 | D68: 139 | E68: 592 | F68: 5 | G68: 6 | H68: 0 | I68: 0 | J68: 5 | K68: 0 | L68: 747 | M68: 0 | N68: 7 | O68: =D68+E68+F68+G68+H68+I68+J68+K68+N68 -> 754 | P68: =(O68/C68)*100 -> 61.955629 | Q68: =(E68/O68)*100 -> 78.514589 | R68: =(D68/O68)*100 -> 18.435013 | S68: =(F68/O68)*100 -> 0.66312997 | T68: =(G68/O68)*100 -> 0.79575597 | U68: =((H68+I68+J68+K68)/O68)*100 -> 0.66312997 | V68: =(N68/O68)*100 -> 0.92838196 | W68: =Q68+R68+S68+T68+U68+V68 -> 100 | X68: 48.48 | Y68: =P68-X68 -> 13.475629
B69: 79 | C69: 457 | D69: 115 | E69: 242 | F69: 0 | G69: 0 | H69: 0 | I69: 0 | J69: 0 | K69: 0 | L69: 357 | M69: 0 | N69: 8 | O69: =D69+E69+F69+G69+H69+I69+J69+K69+N69 -> 365 | P69: =(O69/C69)*100 -> 79.868709 | Q69: =(E69/O69)*100 -> 66.30137 | R69: =(D69/O69)*100 -> 31.506849 | S69: =(F69/O69)*100 -> 0 | T69: =(G69/O69)*100 -> 0 | U69: =((H69+I69+J69+K69)/O69)*100 -> 0 | V69: =(N69/O69)*100 -> 2.1917808 | W69: =Q69+R69+S69+T69+U69+V69 -> 100 | X69: 38.95 | Y69: =P69-X69 -> 40.918709
B70: 78 | C70: 858 | D70: 216 | E70: 382 | F70: 4 | G70: 5 | H70: 0 | I70: 0 | J70: 0 | K70: 1 | L70: 608 | M70: 0 | N70: 1 | O70: =D70+E70+F70+G70+H70+I70+J70+K70+N70 -> 609 | P70: =(O70/C70)*100 -> 70.979021 | Q70: =(E70/O70)*100 -> 62.72578 | R70: =(D70/O70)*100 -> 35.46798 | S70: =(F70/O70)*100 -> 0.65681445 | T70: =(G70/O70)*100 -> 0.82101806 | U70: =((H70+I70+J70+K70)/O70)*100 -> 0.16420361 | V70: =(N70/O70)*100 -> 0.16420361 | W70: =Q70+R70+S70+T70+U70+V70 -> 100 | X70: 65.27 | Y70: =P70-X70 -> 5.709021
A71: BUNDER | B71: 115 | C71: 712 | D71: 213 | E71: 241 | F71: 1 | G71: 1 | H71: 1 | I71: 0 | J71: 0 | K71: 0 | L71: 456 | M71: 0 | N71: 3 | O71: =D71+E71+F71+G71+H71+I71+J71+K71+N71 -> 460 | P71: =(O71/C71)*100 -> 64.606742 | Q71: =(E71/O71)*100 -> 52.391304 | R71: =(D71/O71)*100 -> 46.304348 | S71: =(F71/O71)*100 -> 0.2173913 | T71: =(G71/O71)*100 -> 0.2173913 | U71: =((H71+I71+J71+K71)/O71)*100 -> 0.2173913 | V71: =(N71/O71)*100 -> 0.65217391 | W71: =Q71+R71+S71+T71+U71+V71 -> 100 | X71: 63.9 | Y71: =P71-X71 -> 0.70674157
B72: 116 | C72: 1019 | D72: 565 | E72: 53 | F72: 11 | G72: 1 | H72: 1 | I72: 0 | J72: 0 | K72: 0 | L72: 631 | M72: 0 | N72: 6 | O72: =D72+E72+F72+G72+H72+I72+J72+K72+N72 -> 637 | P72: =(O72/C72)*100 -> 62.512267 | Q72: =(E72/O72)*100 -> 8.3202512 | R72: =(D72/O72)*100 -> 88.697017 | S72: =(F72/O72)*100 -> 1.7268446 | T72: =(G72/O72)*100 -> 0.15698587 | U72: =((H72+I72+J72+K72)/O72)*100 -> 0.15698587 | V72: =(N72/O72)*100 -> 0.94191523 | W72: =Q72+R72+S72+T72+U72+V72 -> 100 | X72: 0 | Y72: =P72-X72 -> 62.512267
B73: 117 | C73: 1308 | D73: 390 | E73: 415 | F73: 7 | G73: 2 | H73: 1 | I73: 0 | J73: 1 | K73: 1 | L73: 817 | M73: 0 | N73: 9 | O73: =D73+E73+F73+G73+H73+I73+J73+K73+N73 -> 826 | P73: =(O73/C73)*100 -> 63.149847 | Q73: =(E73/O73)*100 -> 50.242131 | R73: =(D73/O73)*100 -> 47.215496 | S73: =(F73/O73)*100 -> 0.84745763 | T73: =(G73/O73)*100 -> 0.24213075 | U73: =((H73+I73+J73+K73)/O73)*100 -> 0.36319613 | V73: =(N73/O73)*100 -> 1.0895884 | W73: =Q73+R73+S73+T73+U73+V73 -> 100 | X73: 61.47 | Y73: =P73-X73 -> 1.6798471
B74: 118 | C74: 883 | D74: 493 | E74: 104 | F74: 3 | G74: 0 | H74: 0 | I74: 0 | J74: 1 | K74: 0 | L74: 601 | M74: 0 | N74: 5 | O74: =D74+E74+F74+G74+H74+I74+J74+K74+N74 -> 606 | P74: =(O74/C74)*100 -> 68.629672 | Q74: =(E74/O74)*100 -> 17.161716 | R74: =(D74/O74)*100 -> 81.353135 | S74: =(F74/O74)*100 -> 0.4950495 | T74: =(G74/O74)*100 -> 0 | U74: =((H74+I74+J74+K74)/O74)*100 -> 0.1650165 | V74: =(N74/O74)*100 -> 0.82508251 | W74: =Q74+R74+S74+T74+U74+V74 -> 100 | X74: 40.43 | Y74: =P74-X74 -> 28.199672
B75: 112 | C75: 628 | D75: 41 | E75: 331 | F75: 0 | G75: 2 | H75: 0 | I75: 0 | J75: 1 | K75: 0 | L75: 375 | M75: 0 | N75: 4 | O75: =D75+E75+F75+G75+H75+I75+J75+K75+N75 -> 379 | P75: =(O75/C75)*100 -> 60.350318 | Q75: =(E75/O75)*100 -> 87.335092 | R75: =(D75/O75)*100 -> 10.817942 | S75: =(F75/O75)*100 -> 0 | T75: =(G75/O75)*100 -> 0.52770449 | U75: =((H75+I75+J75+K75)/O75)*100 -> 0.26385224 | V75: =(N75/O75)*100 -> 1.055409 | W75: =Q75+R75+S75+T75+U75+V75 -> 100 | X75: 60.03 | Y75: =P75-X75 -> 0.32031847
B76: 119 | C76: 1080 | D76: 627 | E76: 6 | F76: 7 | G76: 5 | H76: 0 | I76: 0 | J76: 1 | K76: 0 | L76: 646 | M76: 0 | N76: 8 | O76: =D76+E76+F76+G76+H76+I76+J76+K76+N76 -> 654 | P76: =(O76/C76)*100 -> 60.555556 | Q76: =(E76/O76)*100 -> 0.91743119 | R76: =(D76/O76)*100 -> 95.87156 | S76: =(F76/O76)*100 -> 1.0703364 | T76: =(G76/O76)*100 -> 0.76452599 | U76: =((H76+I76+J76+K76)/O76)*100 -> 0.1529052 | V76: =(N76/O76)*100 -> 1.2232416 | W76: =Q76+R76+S76+T76+U76+V76 -> 100 | X76: 0 | Y76: =P76-X76 -> 60.555556
A77: CENTRAL | B77: 120 | C77: 724 | D77: 153 | E77: 242 | F77: 1 | G77: 3 | H77: 0 | I77: 0 | J77: 0 | K77: 0 | L77: 400 | M77: 0 | N77: 2 | O77: =D77+E77+F77+G77+H77+I77+J77+K77+N77 -> 401 | P77: =(O77/C77)*100 -> 55.38674 | Q77: =(E77/O77)*100 -> 60.349127 | R77: =(D77/O77)*100 -> 38.154613 | S77: =(F77/O77)*100 -> 0.24937656 | T77: =(G77/O77)*100 -> 0.74812968 | U77: =((H77+I77+J77+K77)/O77)*100 -> 0 | V77: =(N77/O77)*100 -> 0.49875312 | W77: =Q77+R77+S77+T77+U77+V77 -> 100 | X77: 55.25 | Y77: =P77-X77 -> 0.13674033
B78: 121 | C78: 947 | D78: 93 | E78: 457 | F78: 1 | G78: 4 | H78: 0 | I78: 1 | J78: 0 | K78: 1 | L78: 557 | M78: 0 | N78: 13 | O78: =D78+E78+F78+G78+H78+I78+J78+K78+N78 -> 570 | P78: =(O78/C78)*100 -> 60.190074 | Q78: =(E78/O78)*100 -> 80.175439 | R78: =(D78/O78)*100 -> 16.315789 | S78: =(F78/O78)*100 -> 0.1754386 | T78: =(G78/O78)*100 -> 0.70175439 | U78: =((H78+I78+J78+K78)/O78)*100 -> 0.35087719 | V78: =(N78/O78)*100 -> 2.2807018 | W78: =Q78+R78+S78+T78+U78+V78 -> 100 | X78: 60.19 | Y78: =P78-X78 -> 7.3917635e-05
B79: 124 | C79: 962 | D79: 98 | E79: 514 | F79: 1 | G79: 9 | H79: 0 | I79: 0 | J79: 0 | K79: 1 | L79: 623 | M79: 0 | N79: 5 | O79: =D79+E79+F79+G79+H79+I79+J79+K79+N79 -> 628 | P79: =(O79/C79)*100 -> 65.280665 | Q79: =(E79/O79)*100 -> 81.847134 | R79: =(D79/O79)*100 -> 15.605096 | S79: =(F79/O79)*100 -> 0.15923567 | T79: =(G79/O79)*100 -> 1.433121 | U79: =((H79+I79+J79+K79)/O79)*100 -> 0.15923567 | V79: =(N79/O79)*100 -> 0.79617834 | W79: =Q79+R79+S79+T79+U79+V79 -> 100 | X79: 57.48 | Y79: =P79-X79 -> 7.8006653
B80: 123 | C80: 1436 | D80: 114 | E80: 787 | F80: 1 | G80: 4 | H80: 0 | I80: 0 | J80: 0 | K80: 0 | L80: 906 | M80: 0 | N80: 4 | O80: =D80+E80+F80+G80+H80+I80+J80+K80+N80 -> 910 | P80: =(O80/C80)*100 -> 63.370474 | Q80: =(E80/O80)*100 -> 86.483516 | R80: =(D80/O80)*100 -> 12.527473 | S80: =(F80/O80)*100 -> 0.10989011 | T80: =(G80/O80)*100 -> 0.43956044 | U80: =((H80+I80+J80+K80)/O80)*100 -> 0 | V80: =(N80/O80)*100 -> 0.43956044 | W80: =Q80+R80+S80+T80+U80+V80 -> 100 | X80: 56.69 | Y80: =P80-X80 -> 6.6804735
B81: 122 | C81: 739 | D81: 80 | E81: 426 | F81: 2 | G81: 4 | H81: 0 | I81: 0 | J81: 0 | K81: 0 | L81: 512 | M81: 0 | N81: 6 | O81: =D81+E81+F81+G81+H81+I81+J81+K81+N81 -> 518 | P81: =(O81/C81)*100 -> 70.094723 | Q81: =(E81/O81)*100 -> 82.239382 | R81: =(D81/O81)*100 -> 15.444015 | S81: =(F81/O81)*100 -> 0.38610039 | T81: =(G81/O81)*100 -> 0.77220077 | U81: =((H81+I81+J81+K81)/O81)*100 -> 0 | V81: =(N81/O81)*100 -> 1.1583012 | W81: =Q81+R81+S81+T81+U81+V81 -> 100 | X81: 68.06 | Y81: =P81-X81 -> 2.0347226
A82: CONTONMENT | B82: 150 | C82: 965 | D82: 171 | E82: 447 | F82: 1 | G82: 0 | H82: 0 | I82: 0 | J82: 3 | K82: 0 | L82: 622 | M82: 0 | N82: 8 | O82: =D82+E82+F82+G82+H82+I82+J82+K82+N82 -> 630 | P82: =(O82/C82)*100 -> 65.284974 | Q82: =(E82/O82)*100 -> 70.952381 | R82: =(D82/O82)*100 -> 27.142857 | S82: =(F82/O82)*100 -> 0.15873016 | T82: =(G82/O82)*100 -> 0 | U82: =((H82+I82+J82+K82)/O82)*100 -> 0.47619048 | V82: =(N82/O82)*100 -> 1.2698413 | W82: =Q82+R82+S82+T82+U82+V82 -> 100 | X82: 57.31 | Y82: =P82-X82 -> 7.9749741
B83: 137 | C83: 1035 | D83: 154 | E83: 571 | F83: 1 | G83: 0 | H83: 0 | I83: 2 | J83: 1 | K83: 1 | L83: 730 | M83: 0 | N83: 8 | O83: =D83+E83+F83+G83+H83+I83+J83+K83+N83 -> 738 | P83: =(O83/C83)*100 -> 71.304348 | Q83: =(E83/O83)*100 -> 77.371274 | R83: =(D83/O83)*100 -> 20.867209 | S83: =(F83/O83)*100 -> 0.13550136 | T83: =(G83/O83)*100 -> 0 | U83: =((H83+I83+J83+K83)/O83)*100 -> 0.54200542 | V83: =(N83/O83)*100 -> 1.0840108 | W83: =Q83+R83+S83+T83+U83+V83 -> 100 | X83: 67.44 | Y83: =P83-X83 -> 3.8643478
B84: 145 | C84: 1020 | D84: 342 | E84: 273 | F84: 3 | G84: 0 | H84: 0 | I84: 0 | J84: 1 | K84: 0 | L84: 619 | M84: 0 | N84: 0 | O84: =D84+E84+F84+G84+H84+I84+J84+K84+N84 -> 619 | P84: =(O84/C84)*100 -> 60.686275 | Q84: =(E84/O84)*100 -> 44.103393 | R84: =(D84/O84)*100 -> 55.250404 | S84: =(F84/O84)*100 -> 0.48465267 | T84: =(G84/O84)*100 -> 0 | U84: =((H84+I84+J84+K84)/O84)*100 -> 0.16155089 | V84: =(N84/O84)*100 -> 0 | W84: =Q84+R84+S84+T84+U84+V84 -> 100 | X84: 36.08 | Y84: =P84-X84 -> 24.606275
B85: 146 | C85: 1362 | D85: 377 | E85: 374 | F85: 3 | G85: 2 | H85: 0 | I85: 1 | J85: 2 | K85: 0 | L85: 759 | M85: 0 | N85: 6 | O85: =D85+E85+F85+G85+H85+I85+J85+K85+N85 -> 765 | P85: =(O85/C85)*100 -> 56.167401 | Q85: =(E85/O85)*100 -> 48.888889 | R85: =(D85/O85)*100 -> 49.281046 | S85: =(F85/O85)*100 -> 0.39215686 | T85: =(G85/O85)*100 -> 0.26143791 | U85: =((H85+I85+J85+K85)/O85)*100 -> 0.39215686 | V85: =(N85/O85)*100 -> 0.78431373 | W85: =Q85+R85+S85+T85+U85+V85 -> 100 | X85: 49.19 | Y85: =P85-X85 -> 6.9774009
B86: 141 | C86: 688 | D86: 68 | E86: 252 | F86: 1 | G86: 1 | H86: 0 | I86: 0 | J86: 0 | K86: 0 | L86: 322 | M86: 0 | N86: 2 | O86: =D86+E86+F86+G86+H86+I86+J86+K86+N86 -> 324 | P86: =(O86/C86)*100 -> 47.093023 | Q86: =(E86/O86)*100 -> 77.777778 | R86: =(D86/O86)*100 -> 20.987654 | S86: =(F86/O86)*100 -> 0.30864198 | T86: =(G86/O86)*100 -> 0.30864198 | U86: =((H86+I86+J86+K86)/O86)*100 -> 0 | V86: =(N86/O86)*100 -> 0.61728395 | W86: =Q86+R86+S86+T86+U86+V86 -> 100 | X86: 42.59 | Y86: =P86-X86 -> 4.5030233
A87: COURT | B87: 143 | C87: 436 | D87: 103 | E87: 95 | F87: 1 | G87: 2 | H87: 0 | I87: 0 | J87: 1 | K87: 0 | L87: 202 | M87: 0 | N87: 2 | O87: =D87+E87+F87+G87+H87+I87+J87+K87+N87 -> 204 | P87: =(O87/C87)*100 -> 46.788991 | Q87: =(E87/O87)*100 -> 46.568627 | R87: =(D87/O87)*100 -> 50.490196 | S87: =(F87/O87)*100 -> 0.49019608 | T87: =(G87/O87)*100 -> 0.98039216 | U87: =((H87+I87+J87+K87)/O87)*100 -> 0.49019608 | V87: =(N87/O87)*100 -> 0.98039216 | W87: =Q87+R87+S87+T87+U87+V87 -> 100 | X87: 38.53 | Y87: =P87-X87 -> 8.2589908
B88: 127 | C88: 961 | D88: 227 | E88: 268 | F88: 3 | G88: 2 | H88: 0 | I88: 1 | J88: 0 | K88: 0 | L88: 501 | M88: 0 | N88: 2 | O88: =D88+E88+F88+G88+H88+I88+J88+K88+N88 -> 503 | P88: =(O88/C88)*100 -> 52.341311 | Q88: =(E88/O88)*100 -> 53.280318 | R88: =(D88/O88)*100 -> 45.129225 | S88: =(F88/O88)*100 -> 0.59642147 | T88: =(G88/O88)*100 -> 0.39761431 | U88: =((H88+I88+J88+K88)/O88)*100 -> 0.19880716 | V88: =(N88/O88)*100 -> 0.39761431 | W88: =Q88+R88+S88+T88+U88+V88 -> 100 | X88: 48.28 | Y88: =P88-X88 -> 4.0613111
B89: 126 | C89: 1216 | D89: 339 | E89: 188 | F89: 0 | G89: 1 | H89: 0 | I89: 0 | J89: 0 | K89: 0 | L89: 528 | M89: 0 | N89: 1 | O89: =D89+E89+F89+G89+H89+I89+J89+K89+N89 -> 529 | P89: =(O89/C89)*100 -> 43.503289 | Q89: =(E89/O89)*100 -> 35.538752 | R89: =(D89/O89)*100 -> 64.083176 | S89: =(F89/O89)*100 -> 0 | T89: =(G89/O89)*100 -> 0.18903592 | U89: =((H89+I89+J89+K89)/O89)*100 -> 0 | V89: =(N89/O89)*100 -> 0.18903592 | W89: =Q89+R89+S89+T89+U89+V89 -> 100 | X89: 39.72 | Y89: =P89-X89 -> 3.7832895
B90: 125 | C90: 993 | D90: 189 | E90: 293 | F90: 1 | G90: 5 | H90: 0 | I90: 0 | J90: 0 | K90: 0 | L90: 488 | M90: 0 | N90: 2 | O90: =D90+E90+F90+G90+H90+I90+J90+K90+N90 -> 490 | P90: =(O90/C90)*100 -> 49.345418 | Q90: =(E90/O90)*100 -> 59.795918 | R90: =(D90/O90)*100 -> 38.571429 | S90: =(F90/O90)*100 -> 0.20408163 | T90: =(G90/O90)*100 -> 1.0204082 | U90: =((H90+I90+J90+K90)/O90)*100 -> 0 | V90: =(N90/O90)*100 -> 0.40816327 | W90: =Q90+R90+S90+T90+U90+V90 -> 100 | X90: 20.75 | Y90: =P90-X90 -> 28.595418
B91: 142 | C91: 1160 | D91: 455 | E91: 142 | F91: 1 | G91: 2 | H91: 0 | I91: 0 | J91: 0 | K91: 0 | L91: 600 | M91: 0 | N91: 1 | O91: =D91+E91+F91+G91+H91+I91+J91+K91+N91 -> 601 | P91: =(O91/C91)*100 -> 51.810345 | Q91: =(E91/O91)*100 -> 23.627288 | R91: =(D91/O91)*100 -> 75.707155 | S91: =(F91/O91)*100 -> 0.16638935 | T91: =(G91/O91)*100 -> 0.3327787 | U91: =((H91+I91+J91+K91)/O91)*100 -> 0 | V91: =(N91/O91)*100 -> 0.16638935 | W91: =Q91+R91+S91+T91+U91+V91 -> 100 | X91: 46.9 | Y91: =P91-X91 -> 4.9103448
A92: DEREBAIL NAIRUTHYA | B92: 4 | C92: 1301 | D92: 205 | E92: 736 | F92: 0 | G92: 9 | H92: 1 | I92: 0 | J92: 3 | K92: 2 | L92: 956 | M92: 0 | N92: 13 | O92: =D92+E92+F92+G92+H92+I92+J92+K92+N92 -> 969 | P92: =(O92/C92)*100 -> 74.481168 | Q92: =(E92/O92)*100 -> 75.954592 | R92: =(D92/O92)*100 -> 21.155831 | S92: =(F92/O92)*100 -> 0 | T92: =(G92/O92)*100 -> 0.92879257 | U92: =((H92+I92+J92+K92)/O92)*100 -> 0.61919505 | V92: =(N92/O92)*100 -> 1.3415893 | W92: =Q92+R92+S92+T92+U92+V92 -> 100 | X92: 72.33 | Y92: =P92-X92 -> 2.1511683
B93: 90 | C93: 1323 | D93: 250 | E93: 554 | F93: 3 | G93: 5 | H93: 2 | I93: 1 | J93: 0 | K93: 0 | L93: 815 | M93: 0 | N93: 4 | O93: =D93+E93+F93+G93+H93+I93+J93+K93+N93 -> 819 | P93: =(O93/C93)*100 -> 61.904762 | Q93: =(E93/O93)*100 -> 67.643468 | R93: =(D93/O93)*100 -> 30.525031 | S93: =(F93/O93)*100 -> 0.36630037 | T93: =(G93/O93)*100 -> 0.61050061 | U93: =((H93+I93+J93+K93)/O93)*100 -> 0.36630037 | V93: =(N93/O93)*100 -> 0.48840049 | W93: =Q93+R93+S93+T93+U93+V93 -> 100 | X93: 57.14 | Y93: =P93-X93 -> 4.7647619
B94: 89 | C94: 872 | D94: 116 | E94: 405 | F94: 1 | G94: 3 | H94: 1 | I94: 0 | J94: 0 | K94: 0 | L94: 526 | M94: 0 | N94: 1 | O94: =D94+E94+F94+G94+H94+I94+J94+K94+N94 -> 527 | P94: =(O94/C94)*100 -> 60.43578 | Q94: =(E94/O94)*100 -> 76.850095 | R94: =(D94/O94)*100 -> 22.011385 | S94: =(F94/O94)*100 -> 0.18975332 | T94: =(G94/O94)*100 -> 0.56925996 | U94: =((H94+I94+J94+K94)/O94)*100 -> 0.18975332 | V94: =(N94/O94)*100 -> 0.18975332 | W94: =Q94+R94+S94+T94+U94+V94 -> 100 | X94: 52.64 | Y94: =P94-X94 -> 7.7957798
B95: 86 | C95: 495 | D95: 94 | E95: 229 | F95: 1 | G95: 2 | H95: 0 | I95: 0 | J95: 2 | K95: 1 | L95: 329 | M95: 0 | N95: 1 | O95: =D95+E95+F95+G95+H95+I95+J95+K95+N95 -> 330 | P95: =(O95/C95)*100 -> 66.666667 | Q95: =(E95/O95)*100 -> 69.393939 | R95: =(D95/O95)*100 -> 28.484848 | S95: =(F95/O95)*100 -> 0.3030303 | T95: =(G95/O95)*100 -> 0.60606061 | U95: =((H95+I95+J95+K95)/O95)*100 -> 0.90909091 | V95: =(N95/O95)*100 -> 0.3030303 | W95: =Q95+R95+S95+T95+U95+V95 -> 100 | X95: 58.79 | Y95: =P95-X95 -> 7.8766667
B96: 85 | C96: 1287 | D96: 248 | E96: 575 | F96: 4 | G96: 4 | H96: 0 | I96: 0 | J96: 0 | K96: 0 | L96: 831 | M96: 0 | N96: 9 | O96: =D96+E96+F96+G96+H96+I96+J96+K96+N96 -> 840 | P96: =(O96/C96)*100 -> 65.268065 | Q96: =(E96/O96)*100 -> 68.452381 | R96: =(D96/O96)*100 -> 29.52381 | S96: =(F96/O96)*100 -> 0.47619048 | T96: =(G96/O96)*100 -> 0.47619048 | U96: =((H96+I96+J96+K96)/O96)*100 -> 0 | V96: =(N96/O96)*100 -> 1.0714286 | W96: =Q96+R96+S96+T96+U96+V96 -> 100 | X96: 62.47 | Y96: =P96-X96 -> 2.7980653
B97: 87 | C97: 961 | D97: 202 | E97: 456 | F97: 2 | G97: 0 | H97: 0 | I97: 0 | J97: 0 | K97: 1 | L97: 661 | M97: 0 | N97: 6 | O97: =D97+E97+F97+G97+H97+I97+J97+K97+N97 -> 667 | P97: =(O97/C97)*100 -> 69.406868 | Q97: =(E97/O97)*100 -> 68.365817 | R97: =(D97/O97)*100 -> 30.284858 | S97: =(F97/O97)*100 -> 0.29985007 | T97: =(G97/O97)*100 -> 0 | U97: =((H97+I97+J97+K97)/O97)*100 -> 0.14992504 | V97: =(N97/O97)*100 -> 0.89955022 | W97: =Q97+R97+S97+T97+U97+V97 -> 100 | X97: 60.77 | Y97: =P97-X97 -> 8.6368678
B98: 88 | C98: 1275 | D98: 186 | E98: 651 | F98: 1 | G98: 3 | H98: 0 | I98: 0 | J98: 1 | K98: 1 | L98: 843 | M98: 0 | N98: 9 | O98: =D98+E98+F98+G98+H98+I98+J98+K98+N98 -> 852 | P98: =(O98/C98)*100 -> 66.823529 | Q98: =(E98/O98)*100 -> 76.408451 | R98: =(D98/O98)*100 -> 21.830986 | S98: =(F98/O98)*100 -> 0.11737089 | T98: =(G98/O98)*100 -> 0.35211268 | U98: =((H98+I98+J98+K98)/O98)*100 -> 0.23474178 | V98: =(N98/O98)*100 -> 1.056338 | W98: =Q98+R98+S98+T98+U98+V98 -> 100 | X98: 60.78 | Y98: =P98-X98 -> 6.0435294
B99: 10 | C99: 943 | D99: 128 | E99: 340 | F99: 4 | G99: 1 | H99: 0 | I99: 1 | J99: 1 | K99: 0 | L99: 475 | M99: 0 | N99: 4 | O99: =D99+E99+F99+G99+H99+I99+J99+K99+N99 -> 479 | P99: =(O99/C99)*100 -> 50.795334 | Q99: =(E99/O99)*100 -> 70.981211 | R99: =(D99/O99)*100 -> 26.722338 | S99: =(F99/O99)*100 -> 0.83507307 | T99: =(G99/O99)*100 -> 0.20876827 | U99: =((H99+I99+J99+K99)/O99)*100 -> 0.41753653 | V99: =(N99/O99)*100 -> 0.83507307 | W99: =Q99+R99+S99+T99+U99+V99 -> 100 | X99: 50.8 | Y99: =P99-X99 -> -0.0046659597
A100: DEREBAIL SOUTH | B100: 17 | C100: 1336 | D100: 333 | E100: 591 | F100: 3 | G100: 4 | H100: 0 | I100: 2 | J100: 2 | K100: 0 | L100: 935 | M100: 0 | N100: 17 | O100: =D100+E100+F100+G100+H100+I100+J100+K100+N100 -> 952 | P100: =(O100/C100)*100 -> 71.257485 | Q100: =(E100/O100)*100 -> 62.079832 | R100: =(D100/O100)*100 -> 34.978992 | S100: =(F100/O100)*100 -> 0.31512605 | T100: =(G100/O100)*100 -> 0.42016807 | U100: =((H100+I100+J100+K100)/O100)*100 -> 0.42016807 | V100: =(N100/O100)*100 -> 1.7857143 | W100: =Q100+R100+S100+T100+U100+V100 -> 100 | X100: 66.32 | Y100: =P100-X100 -> 4.937485
B101: 11 | C101: 1345 | D101: 317 | E101: 567 | F101: 5 | G101: 2 | H101: 1 | I101: 0 | J101: 0 | K101: 0 | L101: 892 | M101: 0 | N101: 5 | O101: =D101+E101+F101+G101+H101+I101+J101+K101+N101 -> 897 | P101: =(O101/C101)*100 -> 66.69145 | Q101: =(E101/O101)*100 -> 63.210702 | R101: =(D101/O101)*100 -> 35.340022 | S101: =(F101/O101)*100 -> 0.5574136 | T101: =(G101/O101)*100 -> 0.22296544 | U101: =((H101+I101+J101+K101)/O101)*100 -> 0.11148272 | V101: =(N101/O101)*100 -> 0.5574136 | W101: =Q101+R101+S101+T101+U101+V101 -> 100 | X101: 63.94 | Y101: =P101-X101 -> 2.7514498
B102: 12 | C102: 1023 | D102: 167 | E102: 343 | F102: 1 | G102: 5 | H102: 0 | I102: 0 | J102: 1 | K102: 1 | L102: 518 | M102: 0 | N102: 4 | O102: =D102+E102+F102+G102+H102+I102+J102+K102+N102 -> 522 | P102: =(O102/C102)*100 -> 51.026393 | Q102: =(E102/O102)*100 -> 65.708812 | R102: =(D102/O102)*100 -> 31.992337 | S102: =(F102/O102)*100 -> 0.19157088 | T102: =(G102/O102)*100 -> 0.95785441 | U102: =((H102+I102+J102+K102)/O102)*100 -> 0.38314176 | V102: =(N102/O102)*100 -> 0.76628352 | W102: =Q102+R102+S102+T102+U102+V102 -> 100 | X102: 46.24 | Y102: =P102-X102 -> 4.786393
B103: 8 | C103: 893 | D103: 161 | E103: 366 | F103: 1 | G103: 2 | H103: 0 | I103: 0 | J103: 0 | K103: 0 | L103: 530 | M103: 0 | N103: 8 | O103: =D103+E103+F103+G103+H103+I103+J103+K103+N103 -> 538 | P103: =(O103/C103)*100 -> 60.246361 | Q103: =(E103/O103)*100 -> 68.02974 | R103: =(D103/O103)*100 -> 29.925651 | S103: =(F103/O103)*100 -> 0.18587361 | T103: =(G103/O103)*100 -> 0.37174721 | U103: =((H103+I103+J103+K103)/O103)*100 -> 0 | V103: =(N103/O103)*100 -> 1.4869888 | W103: =Q103+R103+S103+T103+U103+V103 -> 100 | X103: 59.8 | Y103: =P103-X103 -> 0.44636058
...

Sheet ATTAVARA
A1: WARD NAME | B1: Booth | C1: TOTAL VOTERS | D1: No of Valid Votes Cast in favor of | L1: Total of Valid Votes | M1: No.Of Rejected votes | N1: NOTA | O1: Total | P1: TOTAL POLLING % | Q1: BJP% | R1: CONGRESS % | S1: JDS % | T1: AAP% | U1: TOTAL INDEPENDENT % | V1: NOTA% | W1: BJP V/S CONG(DIFF) | X1: BJP V/S OP | Y1: BOOTH CATEGORIZATION | Z1: POLLING STATION STATS | AA1: BJP/CONGRESS | AB1: Electors Total | AC1: Electors Polled | AD1: Male Total | AE1: Male Polled | AF1: Female Total | AG1: Female Polled | AH1: Hindus Total | AI1: Hindus Polled | AJ1: Muslims Total | AK1: Muslims Polled | AL1: Christians Total | AM1: Christian polled | AN1: MALE % | AO1: TOTAL MALE POLLED% | AP1: FEMALE % | AQ1: TOTAL FEMALE POLLED % | AR1: GENDER STATS | AS1: MEN POLLING V/S FEMALE POLLING | AT1: TOTAL HINDU% | AU1: TOTAL HINDU POLLED % | AV1: TOTAL MUSLIM % | AW1: TOTAL MUSLIM POLLED % | AX1: TOTAL CHRISTIAN % | AY1: TOTAL CHRISTIAN POLLED % | AZ1: MAJORITY VS MINORITY | BA1: POLLING MAJORITY VS MINORITY
D3: J.R.LOBO | E3: D.VEDAVYASA KAMATH | F3: S | G3: K.SANTHOSH KAMATH | H3: DHARMENDRA | I3: WINNY PINTO | J3: S | K3: K.S.PAI
A7: ATHAVARA | B7: 152 | C7: 694 | D7: 182 | E7: 268 | F7: 0 | G7: 0 | H7: 0 | I7: 1 | J7: 0 | K7: 0 | L7: 451 | M7: 0 | N7: 2 | O7: =D7+E7+F7+G7+H7+I7+J7+K7+N7 -> 453 | P7: =(O7/C7)*100 -> 65.273775 | Q7: =(E7/O7)*100 -> 59.161148 | R7: =(D7/O7)*100 -> 40.1766 | S7: =(F7/O7)*100 -> 0 | T7: =(G7/O7)*100 -> 0 | U7: =((H7+I7+J7+K7)/O7)*100 -> 0.22075055 | V7: =(N7/O7)*100 -> 0.4415011 | W7: =Q7-R7 -> 18.984547 | X7: =Q7-(R7+S7+T7+U7) -> 18.763797 | Y7: =IF(AND(W7<0,W7<=1),"LOST",IF(AND(W7>1,W7<=10),"NARROW",IF(AND(W7>10,W7<=40),"MEDIUM",IF(AND(W7>40,W7<=90),"STRONG","")))) -> MEDIUM | Z7: =IF(AND(P7<0,P7<=10),"WEAK",IF(AND(P7>10,P7<20),"BELOW AVG",IF(AND(P7>20,P7<=60),"MEDIUM",IF(AND(P7>60,P7<=90),"STRONG","")))) -> STRONG | AA7: =IF(Q7>R7,"BJP","CONGRESS") -> BJP | AB7: 694 | AD7: 305 | AF7: 389 | AH7: 573 | AJ7: 20 | AL7: 101 | AN7: =(AD7/AB7)*100 -> 43.948127 | AO7: =(AE7/AC7)*100 -> #DIV/0! | AP7: =(AF7/AB7)*100 -> 56.051873 | AQ7: =(AF7/AC7)*100 -> #DIV/0! | AR7: =IF(AN7>AP7,"MALE DOM","FEMALE DOM") -> FEMALE DOM | AS7: =IF(AO7>AP7,"MALE","FEMALE") -> #DIV/0! | AT7: =(AH7/AB7)*100 -> 82.564841 | AU7: =(AI7/AC7)*100 -> #DIV/0! | AV7: =(AJ7/AB7)*100 -> 2.8818444 | AW7: =(AK7/AC7)*100 -> #DIV/0! | AX7: =(AL7/AB7)*100 -> 14.553314 | AY7: =(AM7/AC7)*100 -> #DIV/0! | AZ7: =IF(AT7>(AV7+AX7),"HINDU","MINORITY") -> HINDU | BA7: =IF(AU7>(AW7+AY7),"HIND","MINORITY") -> #DIV/0!
B8: 151 | C8: 967 | D8: 149 | E8: 438 | F8: 2 | G8: 2 | H8: 0 | I8: 1 | J8: 0 | K8: 0 | L8: 592 | M8: 0 | N8: 3 | O8: =D8+E8+F8+G8+H8+I8+J8+K8+N8 -> 595 | P8: =(O8/C8)*100 -> 61.530507 | Q8: =(E8/O8)*100 -> 73.613445 | R8: =(D8/O8)*100 -> 25.042017 | S8: =(F8/O8)*100 -> 0.33613445 | T8: =(G8/O8)*100 -> 0.33613445 | U8: =((H8+I8+J8+K8)/O8)*100 -> 0.16806723 | V8: =(N8/O8)*100 -> 0.50420168 | W8: =Q8-R8 -> 48.571429 | X8: =Q8-(R8+S8+T8+U8) -> 47.731092 | Y8: =IF(AND(W8<0,W8<=1),"LOST",IF(AND(W8>1,W8<=10),"NARROW",IF(AND(W8>10,W8<=40),"MEDIUM",IF(AND(W8>40,W8<=90),"STRONG","")))) -> STRONG | Z8: =IF(AND(P8<0,P8<=10),"WEAK",IF(AND(P8>10,P8<20),"BELOW AVG",IF(AND(P8>20,P8<=60),"MEDIUM",IF(AND(P8>60,P8<=90),"STRONG","")))) -> STRONG | AA8: =IF(Q8>R8,"BJP","CONGRESS") -> BJP | AB8: 964 | AD8: 469 | AF8: 495 | AH8: 776 | AJ8: 25 | AL8: 163 | AN8: =(AD8/AB8)*100 -> 48.651452 | AO8: =(AE8/AC8)*100 -> #DIV/0! | AP8: =(AF8/AB8)*100 -> 51.348548 | AQ8: =(AF8/AC8)*100 -> #DIV/0! | AR8: =IF(AN8>AP8,"MALE DOM","FEMALE DOM") -> FEMALE DOM | AS8: =IF(AO8>AP8,"MALE","FEMALE") -> #DIV/0! | AT8: =(AH8/AB8)*100 -> 80.497925 | AU8: =(AI8/AC8)*100 -> #DIV/0! | AV8: =(AJ8/AB8)*100 -> 2.593361 | AW8: =(AK8/AC8)*100 -> #DIV/0! | AX8: =(AL8/AB8)*100 -> 16.908714 | AY8: =(AM8/AC8)*100 -> #DIV/0! | AZ8: =IF(AT8>(AV8+AX8),"HINDU","MINORITY") -> HINDU | BA8: =IF(AU8>(AW8+AY8),"HIND","MINORITY") -> #DIV/0!
B9: 242 | C9: 1008 | D9: 481 | E9: 174 | F9: 0 | G9: 0 | H9: 0 | I9: 1 | J9: 1 | K9: 0 | L9: 657 | M9: 0 | N9: 1 | O9: =D9+E9+F9+G9+H9+I9+J9+K9+N9 -> 658 | P9: =(O9/C9)*100 -> 65.277778 | Q9: =(E9/O9)*100 -> 26.443769 | R9: =(D9/O9)*100 -> 73.100304 | S9: =(F9/O9)*100 -> 0 | T9: =(G9/O9)*100 -> 0 | U9: =((H9+I9+J9+K9)/O9)*100 -> 0.30395137 | V9: =(N9/O9)*100 -> 0.15197568 | W9: =Q9-R9 -> -46.656535 | X9: =Q9-(R9+S9+T9+U9) -> -46.960486 | Y9: =IF(AND(W9<0,W9<=1),"LOST",IF(AND(W9>1,W9<=10),"NARROW",IF(AND(W9>10,W9<=40),"MEDIUM",IF(AND(W9>40,W9<=90),"STRONG","")))) -> LOST | Z9: =IF(AND(P9<0,P9<=10),"WEAK",IF(AND(P9>10,P9<20),"BELOW AVG",IF(AND(P9>20,P9<=60),"MEDIUM",IF(AND(P9>60,P9<=90),"STRONG","")))) -> STRONG | AA9: =IF(Q9>R9,"BJP","CONGRESS") -> CONGRESS | AB9: 1004 | AD9: 488 | AF9: 516 | AH9: 337 | AJ9: 617 | AL9: 50 | AN9: =(AD9/AB9)*100 -> 48.605578 | AO9: =(AE9/AC9)*100 -> #DIV/0! | AP9: =(AF9/AB9)*100 -> 51.394422 | AQ9: =(AF9/AC9)*100 -> #DIV/0! | AR9: =IF(AN9>AP9,"MALE DOM","FEMALE DOM") -> FEMALE DOM | AS9: =IF(AO9>AP9,"MALE","FEMALE") -> #DIV/0! | AT9: =(AH9/AB9)*100 -> 33.565737 | AU9: =(AI9/AC9)*100 -> #DIV/0! | AV9: =(AJ9/AB9)*100 -> 61.454183 | AW9: =(AK9/AC9)*100 -> #DIV/0! | AX9: =(AL9/AB9)*100 -> 4.9800797 | AY9: =(AM9/AC9)*100 -> #DIV/0! | AZ9: =IF(AT9>(AV9+AX9),"HINDU","MINORITY") -> MINORITY | BA9: =IF(AU9>(AW9+AY9),"HIND","MINORITY") -> #DIV/0!
B10: 243 | C10: 964 | D10: 254 | E10: 397 | F10: 3 | G10: 5 | H10: 1 | I10: 0 | J10: 0 | K10: 1 | L10: 661 | M10: 0 | N10: 5 | O10: =D10+E10+F10+G10+H10+I10+J10+K10+N10 -> 666 | P10: =(O10/C10)*100 -> 69.087137 | Q10: =(E10/O10)*100 -> 59.60961 | R10: =(D10/O10)*100 -> 38.138138 | S10: =(F10/O10)*100 -> 0.45045045 | T10: =(G10/O10)*100 -> 0.75075075 | U10: =((H10+I10+J10+K10)/O10)*100 -> 0.3003003 | V10: =(N10/O10)*100 -> 0.75075075 | W10: =Q10-R10 -> 21.471471 | X10: =Q10-(R10+S10+T10+U10) -> 19.96997 | Y10: =IF(AND(W10<0,W10<=1),"LOST",IF(AND(W10>1,W10<=10),"NARROW",IF(AND(W10>10,W10<=40),"MEDIUM",IF(AND(W10>40,W10<=90),"STRONG","")))) -> MEDIUM | Z10: =IF(AND(P10<0,P10<=10),"WEAK",IF(AND(P10>10,P10<20),"BELOW AVG",IF(AND(P10>20,P10<=60),"MEDIUM",IF(AND(P10>60,P10<=90),"STRONG","")))) -> STRONG | AA10: =IF(Q10>R10,"BJP","CONGRESS") -> BJP | AB10: 958 | AD10: 449 | AF10: 509 | AH10: 639 | AJ10: 256 | AL10: 63 | AN10: =(AD10/AB10)*100 -> 46.868476 | AO10: =(AE10/AC10)*100 -> #DIV/0! | AP10: =(AF10/AB10)*100 -> 53.131524 | AQ10: =(AF10/AC10)*100 -> #DIV/0! | AR10: =IF(AN10>AP10,"MALE DOM","FEMALE DOM") -> FEMALE DOM | AS10: =IF(AO10>AP10,"MALE","FEMALE") -> #DIV/0! | AT10: =(AH10/AB10)*100 -> 66.701461 | AU10: =(AI10/AC10)*100 -> #DIV/0! | AV10: =(AJ10/AB10)*100 -> 26.722338 | AW10: =(AK10/AC10)*100 -> #DIV/0! | AX10: =(AL10/AB10)*100 -> 6.5762004 | AY10: =(AM10/AC10)*100 -> #DIV/0! | AZ10: =IF(AT10>(AV10+AX10),"HINDU","MINORITY") -> HINDU | BA10: =IF(AU10>(AW10+AY10),"HIND","MINORITY") -> #DIV/0!
B11: 221 | C11: 1018 | D11: 320 | E11: 275 | F11: 4 | G11: 1 | H11: 0 | I11: 0 | J11: 1 | K11: 0 | L11: 601 | M11: 0 | N11: 2 | O11: =D11+E11+F11+G11+H11+I11+J11+K11+N11 -> 603 | P11: =(O11/C11)*100 -> 59.233792 | Q11: =(E11/O11)*100 -> 45.605307 | R11: =(D11/O11)*100 -> 53.067993 | S11: =(F11/O11)*100 -> 0.66334992 | T11: =(G11/O11)*100 -> 0.16583748 | U11: =((H11+I11+J11+K11)/O11)*100 -> 0.16583748 | V11: =(N11/O11)*100 -> 0.33167496 | W11: =Q11-R11 -> -7.4626866 | X11: =Q11-(R11+S11+T11+U11) -> -8.4577114 | Y11: =IF(AND(W11<0,W11<=1),"LOST",IF(AND(W11>1,W11<=10),"NARROW",IF(AND(W11>10,W11<=40),"MEDIUM",IF(AND(W11>40,W11<=90),"STRONG","")))) -> LOST | Z11: =IF(AND(P11<0,P11<=10),"WEAK",IF(AND(P11>10,P11<20),"BELOW AVG",IF(AND(P11>20,P11<=60),"MEDIUM",IF(AND(P11>60,P11<=90),"STRONG","")))) -> MEDIUM | AA11: =IF(Q11>R11,"BJP","CONGRESS") -> CONGRESS | AB11: 1014 | AD11: 502 | AF11: 512 | AH11: 498 | AJ11: 385 | AL11: 131 | AN11: =(AD11/AB11)*100 -> 49.506903 | AO11: =(AE11/AC11)*100 -> #DIV/0! | AP11: =(AF11/AB11)*100 -> 50.493097 | AQ11: =(AF11/AC11)*100 -> #DIV/0! | AR11: =IF(AN11>AP11,"MALE DOM","FEMALE DOM") -> FEMALE DOM | AS11: =IF(AO11>AP11,"MALE","FEMALE") -> #DIV/0! | AT11: =(AH11/AB11)*100 -> 49.112426 | AU11: =(AI11/AC11)*100 -> #DIV/0! | AV11: =(AJ11/AB11)*100 -> 37.968442 | AW11: =(AK11/AC11)*100 -> #DIV/0! | AX11: =(AL11/AB11)*100 -> 12.919132 | AY11: =(AM11/AC11)*100 -> #DIV/0! | AZ11: =IF(AT11>(AV11+AX11),"HINDU","MINORITY") -> MINORITY | BA11: =IF(AU11>(AW11+AY11),"HIND","MINORITY") -> #DIV/0!
B12: 222 | C12: 1092 | D12: 332 | E12: 330 | F12: 2 | G12: 5 | H12: 0 | I12: 1 | J12: 2 | K12: 0 | L12: 672 | M12: 0 | N12: 3 | O12: =D12+E12+F12+G12+H12+I12+J12+K12+N12 -> 675 | P12: =(O12/C12)*100 -> 61.813187 | Q12: =(E12/O12)*100 -> 48.888889 | R12: =(D12/O12)*100 -> 49.185185 | S12: =(F12/O12)*100 -> 0.2962963 | T12: =(G12/O12)*100 -> 0.74074074 | U12: =((H12+I12+J12+K12)/O12)*100 -> 0.44444444 | V12: =(N12/O12)*100 -> 0.44444444 | W12: =Q12-R12 -> -0.2962963 | X12: =Q12-(R12+S12+T12+U12) -> -1.7777778 | Y12: =IF(AND(W12<0,W12<=1),"LOST",IF(AND(W12>1,W12<=10),"NARROW",IF(AND(W12>10,W12<=40),"MEDIUM",IF(AND(W12>40,W12<=90),"STRONG","")))) -> LOST | Z12: =IF(AND(P12<0,P12<=10),"WEAK",IF(AND(P12>10,P12<20),"BELOW AVG",IF(AND(P12>20,P12<=60),"MEDIUM",IF(AND(P12>60,P12<=90),"STRONG","")))) -> STRONG | AA12: =IF(Q12>R12,"BJP","CONGRESS") -> CONGRESS | AB12: 1091 | AD12: 515 | AF12: 576 | AH12: 613 | AJ12: 240 | AL12: 238 | AN12: =(AD12/AB12)*100 -> 47.2044 | AO12: =(AE12/AC12)*100 -> #DIV/0! | AP12: =(AF12/AB12)*100 -> 52.7956 | AQ12: =(AF12/AC12)*100 -> #DIV/0! | AR12: =IF(AN12>AP12,"MALE DOM","FEMALE DOM") -> FEMALE DOM | AS12: =IF(AO12>AP12,"MALE","FEMALE") -> #DIV/0! | AT12: =(AH12/AB12)*100 -> 56.186984 | AU12: =(AI12/AC12)*100 -> #DIV/0! | AV12: =(AJ12/AB12)*100 -> 21.998167 | AW12: =(AK12/AC12)*100 -> #DIV/0! | AX12: =(AL12/AB12)*100 -> 21.814849 | AY12: =(AM12/AC12)*100 -> #DIV/0! | AZ12: =IF(AT12>(AV12+AX12),"HINDU","MINORITY") -> HINDU | BA12: =IF(AU12>(AW12+AY12),"HIND","MINORITY") -> #DIV/0!
B13: 153 | C13: 883 | D13: 189 | E13: 397 | F13: 1 | G13: 3 | H13: 0 | I13: 0 | J13: 0 | K13: 1 | L13: 591 | M13: 0 | N13: 4 | O13: =D13+E13+F13+G13+H13+I13+J13+K13+N13 -> 595 | P13: =(O13/C13)*100 -> 67.383918 | Q13: =(E13/O13)*100 -> 66.722689 | R13: =(D13/O13)*100 -> 31.764706 | S13: =(F13/O13)*100 -> 0.16806723 | T13: =(G13/O13)*100 -> 0.50420168 | U13: =((H13+I13+J13+K13)/O13)*100 -> 0.16806723 | V13: =(N13/O13)*100 -> 0.67226891 | W13: =Q13-R13 -> 34.957983 | X13: =Q13-(R13+S13+T13+U13) -> 34.117647 | Y13: =IF(AND(W13<0,W13<=1),"LOST",IF(AND(W13>1,W13<=10),"NARROW",IF(AND(W13>10,W13<=40),"MEDIUM",IF(AND(W13>40,W13<=90),"STRONG","")))) -> MEDIUM | Z13: =IF(AND(P13<0,P13<=10),"WEAK",IF(AND(P13>10,P13<20),"BELOW AVG",IF(AND(P13>20,P13<=60),"MEDIUM",IF(AND(P13>60,P13<=90),"STRONG","")))) -> STRONG | AA13: =IF(Q13>R13,"BJP","CONGRESS") -> BJP | AB13: 880 | AD13: 417 | AF13: 462 | AH13: 722 | AJ13: 41 | AL13: 117 | AN13: =(AD13/AB13)*100 -> 47.386364 | AO13: =(AE13/AC13)*100 -> #DIV/0! | AP13: =(AF13/AB13)*100 -> 52.5 | AQ13: =(AF13/AC13)*100 -> #DIV/0! | AR13: =IF(AN13>AP13,"MALE DOM","FEMALE DOM") -> FEMALE DOM | AS13: =IF(AO13>AP13,"MALE","FEMALE") -> #DIV/0! | AT13: =(AH13/AB13)*100 -> 82.045455 | AU13: =(AI13/AC13)*100 -> #DIV/0! | AV13: =(AJ13/AB13)*100 -> 4.6590909 | AW13: =(AK13/AC13)*100 -> #DIV/0! | AX13: =(AL13/AB13)*100 -> 13.295455 | AY13: =(AM13/AC13)*100 -> #DIV/0! | AZ13: =IF(AT13>(AV13+AX13),"HINDU","MINORITY") -> HINDU | BA13: =IF(AU13>(AW13+AY13),"HIND","MINORITY") -> #DIV/0!
C14: =SUM(C7:C13) -> 6626 | D14: =SUM(D7:D13) -> 1907 | E14: =SUM(E7:E13) -> 2279 | F14: =SUM(F7:F13) -> 12 | G14: =SUM(G7:G13) -> 16 | H14: =SUM(H7:H13) -> 1 | I14: =SUM(I7:I13) -> 4 | J14: =SUM(J7:J13) -> 4 | ... O14: =SUM(O7:O13) -> 4245 | P14: =AVERAGE(P7:P13) -> 64.228585 | Q14: =AVERAGE(Q7:Q13) -> 54.292122 | R14: =AVERAGE(R7:R13) -> 44.353563 | S14: =AVERAGE(S7:S13) -> 0.27347119 | T14: =AVERAGE(T7:T13) -> 0.3568093 | U14: =AVERAGE(U7:U13) -> 0.2530598 | V14: =AVERAGE(V7:V13) -> 0.47097393 | W14: =AVERAGE(W7:W13) -> 9.938559 | X14: =AVERAGE(X7:X13) -> 9.0552187 | Y14: =IF(AND(W14<0,W14<=1),"LOST",IF(AND(W14>1,W14<=10),"NARROW",IF(AND(W14>10,W14<=40),"MEDIUM",IF(AND(W14>40,W14<=90),"STRONG","")))) -> NARROW | Z14: =IF(AND(P14<0,P14<=10),"WEAK",IF(AND(P14>10,P14<20),"BELOW AVG",IF(AND(P14>20,P14<=60),"MEDIUM",IF(AND(P14>60,P14<=90),"STRONG","")))) -> STRONG | AA14: =IF(Q14>R14,"BJP","CONGRESS") -> BJP | AB14: =SUM(AB7:AB13) -> 6605 | AD14: =SUM(AD7:AD13) -> 3145 | AF14: =SUM(AF7:AF13) -> 3459 | AH14: =SUM(AH7:AH13) -> 4158 | AJ14: =SUM(AJ7:AJ13) -> 1584 | AL14: =SUM(AL7:AL13) -> 863 | AN14: =AVERAGE(AN7:AN13) -> 47.453043 | AO14: =AVERAGE(AN14) -> 47.453043 | AP14: =AVERAGE(AP7:AP13) -> 52.530723 | AQ14: =AVERAGE(AN14:AP14) -> 49.145603 | AR14: =IF(AN14>AP14,"MALE DOM","FEMALE DOM") -> FEMALE DOM | AS14: =IF(AO14>AP14,"MALE","FEMALE") -> FEMALE | AT14: =AVERAGE(AT7:AT13) -> 64.382119 | AV14: =AVERAGE(AV7:AV13) -> 22.611061 | AZ14: =IF(AT14>(AV14+AX14),"HINDU","MINORITY") -> HINDU | BA14: =IF(AU14>(AW14+AY14),"HIND","MINORITY") -> MINORITY
B18: TOTAL BOOTH 7 | G18: BOOTH WISE CATEGORIZATION | L18: COMPARITIVE ANALYSIS
B20: BJP WON | E20: =COUNTIF(AA7:AA13,"BJP") -> 4 | G20: NARROW | J20: =COUNTIF(Y7:Y13,"NARROW") -> 0 | L20: BJP %(2018) | O20: ='ATTAVARA-18'!E11 -> 48.638198 | P20: BJP%(2023) | S20: =Q14 -> 54.292122
G22: MEDIUM | J22: =COUNTIF(Y7:Y13,"MEDIUM") -> 3 | L22: CONGRESS %(2018) | O22: ='ATTAVARA-18'!G11 -> 48.297252 | P22: CONGRESS%(2023) | S22: =R14 -> 44.353563
B23: CONGRESS WON | E23: =COUNTIF(AA7:AA13,"CONGRESS") -> 3
G24: STRONG | J24: =COUNTIF(Y7:Y13,"STRONG") -> 1 | L24: TOTAL POLLED (2018) | O24: ='ATTAVARA-18'!C11 -> 5252 | P24: TOTAL POLLED (2023) | S24: =O14 -> 4245
G26: LOST | J26: =COUNTIF(Y7:Y13,"LOST") -> 3 | L26: TOTAL GAIN/LOSS | O26: =O20-O22 -> 0.34094569 | P26: TOTAL GAIN/LOSS | S26: =S20-S22 -> 9.938559
L28: BJP%(18/23) | O28: =S20-O20 -> 5.6539245
L30: CONGRESS%(18/23) | O30: =S22-O22 -> -3.9436888
L32: INCREASE/DECREASE | O32: =IF(O28>O30,"INCREASE","DECREASE") -> INCREASE
L34: TWO BOOTHS HAS BEEN ADDED IN 2023

Sheet ATTAVARA-18
A2: BOOTH NO | B2: PS ADDRESS | C2: TOTAL POLLED | D2: BJP | E2: BJP % | F2: INC | G2: INC % | H2: JDS | I2: JDS % | J2: CPI | K2: CPI% | L2: MALE VOTERS | M2: FEMALE VOTERS | N2: TOTAL VOTERS | O2: TOTAL POLLED | P2: PERCENTAGE POLLING | Q2: HINDU | R2: HINDU PERCENTAGE IN THE CONSTITUENCY | S2: HINDU NOT POLLED | T2: % of HINDU NON VOTERS | U2: HINDU POLLED | V2: % OF HINDU VOTERS | W2: others | X2: OTHERS % | Y2: others NOT POLLED | Z2: % OF OTHERS NOT POLLED | AA2: others polled | AB2: % | AD2: BOOTH STATUS(POOLING) | AE2: HINDU POPULATION STATUS | AF2: OTHERS POPULATION STATUS | AG2: GENDER RATIO | AH2: ratio of comparision non voters | AI2: VOTE TRANSITION | AJ2: WIN STATUS
A3: 138 | B3: Dakshina Kannad Zilla Panchayath Lower PrimarySchool,Babugudde Attavar (Middle portion ) | C3: 625 | D3: 438 | E3: =(D3/C3)*100 -> 70.08 | F3: 172 | G3: =(F3/C3)*100 -> 27.52 | H3: 4 | I3: =(H3/C3)*100 -> 0.64 | J3: 6 | K3: =(J3/C3)*100 -> 0.96 | L3: 454 | M3: 471 | N3: =L3+M3 -> 925 | O3: 625 | P3: =O3/N3*100 -> 67.567568 | Q3: 765 | R3: =(Q3/N3)*100 -> 82.702703 | S3: =Q3-U3 -> 247 | T3: =(S3/Q3)*100 -> 32.287582 | U3: 518 | V3: =IFERROR(U3/Q3*100,0) -> 67.712418 | W3: =925-765 -> 160 | X3: =100-R3 -> 17.297297 | Y3: =W3-AA3 -> 53 | Z3: =(Y3/W3)*100 -> 33.125 | AA3: =625-518 -> 107 | AB3: =IFERROR(AA3/W3*100,0) -> 66.875 | AC3: =U3+AA3 -> 625 | AD3: =IF(P3>80,"EXCELLENT",IF(P3>70,"STRONG",IF(P3>60,"AVG",IF(P3>50,"WEAK",IF(P3<50,"VLOW"))))) -> AVG | AE3: =IF(R3>80,"EXCELLENT",IF(R3>70,"STRONG",IF(R3>60,"AVG",IF(R3>50,"WEAK",IF(R3<50,"VLOW"))))) -> EXCELLENT | AF3: =IF(X3>80,"EXCELLENT",IF(X3>70,"STRONG",IF(X3>60,"AVG",IF(X3>50,"WEAK",IF(X3<50,"VLOW"))))) -> VLOW | AG3: =IF(M3>L3,"FEMALE DOM","MEN") -> FEMALE DOM | AH3: =IF(T3>Z3,"H","O") -> O | AI3: =E3-G3 -> 42.56 | AJ3: =IF(E3>G3,"BJP GAIN","CONGRESSGAIN") -> BJP GAIN
A4: 139 | B4: Dakshina Kannada Zilla PanchayathLowerPrimarySchool,Babugudde Attavara(West Portion ) | C4: 515 | D4: 283 | E4: =(D4/C4)*100 -> 54.951456 | F4: 218 | G4: =(F4/C4)*100 -> 42.330097 | H4: 1 | I4: =(H4/C4)*100 -> 0.19417476 | J4: 6 | K4: =(J4/C4)*100 -> 1.1650485 | L4: 310 | M4: 415 | N4: =L4+M4 -> 725 | O4: 515 | P4: =O4/N4*100 -> 71.034483 | Q4: 552 | R4: =(Q4/N4)*100 -> 76.137931 | S4: =Q4-U4 -> 121 | T4: =(S4/Q4)*100 -> 21.92029 | U4: 431 | V4: =IFERROR(U4/Q4*100,0) -> 78.07971 | W4: 173 | X4: =100-R4 -> 23.862069 | Y4: =W4-AA4 -> 107 | Z4: =(Y4/W4)*100 -> 61.849711 | AA4: 66 | AB4: =IFERROR(AA4/W4*100,0) -> 38.150289 | AC4: =U4+AA4 -> 497 | AD4: =IF(P4>80,"EXCELLENT",IF(P4>70,"STRONG",IF(P4>60,"AVG",IF(P4>50,"WEAK",IF(P4<50,"VLOW"))))) -> STRONG | AE4: =IF(R4>80,"EXCELLENT",IF(R4>70,"STRONG",IF(R4>60,"AVG",IF(R4>50,"WEAK",IF(R4<50,"VLOW"))))) -> STRONG | AF4: =IF(X4>80,"EXCELLENT",IF(X4>70,"STRONG",IF(X4>60,"AVG",IF(X4>50,"WEAK",IF(X4<50,"VLOW"))))) -> VLOW | AG4: =IF(M4>L4,"FEMALE DOM","MEN") -> FEMALE DOM | AH4: =IF(T4>Z4,"H","O") -> O | AI4: =E4-G4 -> 12.621359 | AJ4: =IF(E4>G4,"BJP GAIN","CONGRESSGAIN") -> BJP GAIN
A5: 140 | B5: Kudmal Ranga Rao Samaja Bhavana Babugudda Attavara(South Portion) | C5: 611 | D5: 398 | E5: =(D5/C5)*100 -> 65.139116 | F5: 193 | G5: =(F5/C5)*100 -> 31.587561 | H5: 4 | I5: =(H5/C5)*100 -> 0.65466448 | J5: 11 | K5: =(J5/C5)*100 -> 1.8003273 | L5: 429 | M5: 482 | N5: =L5+M5 -> 911 | O5: 611 | P5: =O5/N5*100 -> 67.069155 | R5: =(Q5/N5)*100 -> 0 | S5: =Q5-U5 -> 0 | T5: =(S5/Q5)*100 -> #DIV/0! | V5: =IFERROR(U5/Q5*100,0) -> 0 | X5: =100-R5 -> 100 | Y5: =W5-AA5 -> 0 | Z5: =(Y5/W5)*100 -> #DIV/0! | AB5: =IFERROR(AA5/W5*100,0) -> 0 | AC5: =U5+AA5 -> 0 | AD5: =IF(P5>80,"EXCELLENT",IF(P5>70,"STRONG",IF(P5>60,"AVG",IF(P5>50,"WEAK",IF(P5<50,"VLOW"))))) -> AVG | AE5: =IF(R5>80,"EXCELLENT",IF(R5>70,"STRONG",IF(R5>60,"AVG",IF(R5>50,"WEAK",IF(R5<50,"VLOW"))))) -> VLOW | AF5: =IF(X5>80,"EXCELLENT",IF(X5>70,"STRONG",IF(X5>60,"AVG",IF(X5>50,"WEAK",IF(X5<50,"VLOW"))))) -> EXCELLENT | AG5: =IF(M5>L5,"FEMALE DOM","MEN") -> FEMALE DOM | AH5: =IF(T5>Z5,"H","O") -> #DIV/0! | AI5: =E5-G5 -> 33.551555 | AJ5: =IF(E5>G5,"BJP GAIN","CONGRESSGAIN") -> BJP GAIN
A6: 197 | B6: Cascia High School, Jeppu (North wing ) | C6: 986 | D6: 428 | E6: =(D6/C6)*100 -> 43.407708 | F6: 524 | G6: =(F6/C6)*100 -> 53.144016 | H6: 6 | I6: =(H6/C6)*100 -> 0.60851927 | J6: 11 | K6: =(J6/C6)*100 -> 1.1156187 | L6: 734 | M6: 781 | N6: =L6+M6 -> 1515 | O6: 986 | P6: =O6/N6*100 -> 65.082508 | R6: =(Q6/N6)*100 -> 0 | S6: =Q6-U6 -> 0 | T6: =(S6/Q6)*100 -> #DIV/0! | V6: =IFERROR(U6/Q6*100,0) -> 0 | X6: =100-R6 -> 100 | Y6: =W6-AA6 -> 0 | Z6: =(Y6/W6)*100 -> #DIV/0! | AB6: =IFERROR(AA6/W6*100,0) -> 0 | AC6: =U6+AA6 -> 0 | AD6: =IF(P6>80,"EXCELLENT",IF(P6>70,"STRONG",IF(P6>60,"AVG",IF(P6>50,"WEAK",IF(P6<50,"VLOW"))))) -> AVG | AE6: =IF(R6>80,"EXCELLENT",IF(R6>70,"STRONG",IF(R6>60,"AVG",IF(R6>50,"WEAK",IF(R6<50,"VLOW"))))) -> VLOW | AF6: =IF(X6>80,"EXCELLENT",IF(X6>70,"STRONG",IF(X6>60,"AVG",IF(X6>50,"WEAK",IF(X6<50,"VLOW"))))) -> EXCELLENT | AG6: =IF(M6>L6,"FEMALE DOM","MEN") -> FEMALE DOM | AH6: =IF(T6>Z6,"H","O") -> #DIV/0! | AI6: =G6-E6 -> 9.7363083 | AJ6: =IF(E6>G6,"BJP GAIN","CONGRESSGAIN") -> CONGRESSGAIN
A7: 198 | B7: Cascia High School, Jeppu (South wing ) | C7: 588 | D7: 223 | E7: =(D7/C7)*100 -> 37.92517 | F7: 337 | G7: =(F7/C7)*100 -> 57.312925 | H7: 4 | I7: =(H7/C7)*100 -> 0.68027211 | J7: 3 | K7: =(J7/C7)*100 -> 0.51020408 | L7: 461 | M7: 474 | N7: =L7+M7 -> 935 | O7: 588 | P7: =O7/N7*100 -> 62.887701 | R7: =(Q7/N7)*100 -> 0 | S7: =Q7-U7 -> 0 | T7: =(S7/Q7)*100 -> #DIV/0! | V7: =IFERROR(U7/Q7*100,0) -> 0 | X7: =100-R7 -> 100 | Y7: =W7-AA7 -> 0 | Z7: =(Y7/W7)*100 -> #DIV/0! | AB7: =IFERROR(AA7/W7*100,0) -> 0 | AC7: =U7+AA7 -> 0 | AD7: =IF(P7>80,"EXCELLENT",IF(P7>70,"STRONG",IF(P7>60,"AVG",IF(P7>50,"WEAK",IF(P7<50,"VLOW"))))) -> AVG | AE7: =IF(R7>80,"EXCELLENT",IF(R7>70,"STRONG",IF(R7>60,"AVG",IF(R7>50,"WEAK",IF(R7<50,"VLOW"))))) -> VLOW | AF7: =IF(X7>80,"EXCELLENT",IF(X7>70,"STRONG",IF(X7>60,"AVG",IF(X7>50,"WEAK",IF(X7<50,"VLOW"))))) -> EXCELLENT | AG7: =IF(M7>L7,"FEMALE DOM","MEN") -> FEMALE DOM | AH7: =IF(T7>Z7,"H","O") -> #DIV/0! | AI7: =G7-E7 -> 19.387755 | AJ7: =IF(E7>G7,"BJP GAIN","CONGRESSGAIN") -> CONGRESSGAIN
A8: 199 | B8: Saint Ritas Kannada Medium Aided Higher Primary School, Jeppu (North wing ) | C8: 716 | D8: 303 | E8: =(D8/C8)*100 -> 42.318436 | F8: 392 | G8: =(F8/C8)*100 -> 54.748603 | H8: 1 | I8: =(H8/C8)*100 -> 0.1396648 | J8: 8 | K8: =(J8/C8)*100 -> 1.1173184 | L8: 491 | M8: 574 | N8: =L8+M8 -> 1065 | O8: 716 | P8: =O8/N8*100 -> 67.230047 | R8: =(Q8/N8)*100 -> 0 | S8: =Q8-U8 -> 0 | T8: =(S8/Q8)*100 -> #DIV/0! | V8: =IFERROR(U8/Q8*100,0) -> 0 | X8: =100-R8 -> 100 | Y8: =W8-AA8 -> 0 | Z8: =(Y8/W8)*100 -> #DIV/0! | AB8: =IFERROR(AA8/W8*100,0) -> 0 | AC8: =U8+AA8 -> 0 | AD8: =IF(P8>80,"EXCELLENT",IF(P8>70,"STRONG",IF(P8>60,"AVG",IF(P8>50,"WEAK",IF(P8<50,"VLOW"))))) -> AVG | AE8: =IF(R8>80,"EXCELLENT",IF(R8>70,"STRONG",IF(R8>60,"AVG",IF(R8>50,"WEAK",IF(R8<50,"VLOW"))))) -> VLOW | AF8: =IF(X8>80,"EXCELLENT",IF(X8>70,"STRONG",IF(X8>60,"AVG",IF(X8>50,"WEAK",IF(X8<50,"VLOW"))))) -> EXCELLENT | AG8: =IF(M8>L8,"FEMALE DOM","MEN") -> FEMALE DOM | AH8: =IF(T8>Z8,"H","O") -> #DIV/0! | AI8: =G8-E8 -> 12.430168 | AJ8: =IF(E8>G8,"BJP GAIN","CONGRESSGAIN") -> CONGRESSGAIN
A9: 200 | B9: Saint Retas Kannada Medium Aided Higher Primary School, Jeppu (Middle Wing ) | C9: 561 | D9: 248 | E9: =(D9/C9)*100 -> 44.206774 | F9: 298 | G9: =(F9/C9)*100 -> 53.11943 | H9: 8 | I9: =(H9/C9)*100 -> 1.426025 | J9: 2 | K9: =(J9/C9)*100 -> 0.35650624 | L9: 421 | M9: 473 | N9: =L9+M9 -> 894 | O9: 561 | P9: =O9/N9*100 -> 62.751678 | R9: =(Q9/N9)*100 -> 0 | S9: =Q9-U9 -> 0 | T9: =(S9/Q9)*100 -> #DIV/0! | V9: =IFERROR(U9/Q9*100,0) -> 0 | X9: =100-R9 -> 100 | Y9: =W9-AA9 -> 0 | Z9: =(Y9/W9)*100 -> #DIV/0! | AB9: =IFERROR(AA9/W9*100,0) -> 0 | AC9: =U9+AA9 -> 0 | AD9: =IF(P9>80,"EXCELLENT",IF(P9>70,"STRONG",IF(P9>60,"AVG",IF(P9>50,"WEAK",IF(P9<50,"VLOW"))))) -> AVG | AE9: =IF(R9>80,"EXCELLENT",IF(R9>70,"STRONG",IF(R9>60,"AVG",IF(R9>50,"WEAK",IF(R9<50,"VLOW"))))) -> VLOW | AF9: =IF(X9>80,"EXCELLENT",IF(X9>70,"STRONG",IF(X9>60,"AVG",IF(X9>50,"WEAK",IF(X9<50,"VLOW"))))) -> EXCELLENT | AG9: =IF(M9>L9,"FEMALE DOM","MEN") -> FEMALE DOM | AH9: =IF(T9>Z9,"H","O") -> #DIV/0! | AI9: =G9-E9 -> 8.912656 | AJ9: =IF(E9>G9,"BJP GAIN","CONGRESSGAIN") -> CONGRESSGAIN
A10: 217 | B10: Dakshina Kannada Zilla Panchayath Higher Primary School, Mahakalipadpu (Room No 3 Middle Portion) | C10: 650 | D10: 202 | E10: =(D10/C10)*100 -> 31.076923 | F10: 433 | G10: =(F10/C10)*100 -> 66.615385 | H10: 3 | I10: =(H10/C10)*100 -> 0.46153846 | J10: 1 | K10: =(J10/C10)*100 -> 0.15384615 | L10: 500 | M10: 522 | N10: =L10+M10 -> 1022 | O10: 650 | P10: =O10/N10*100 -> 63.600783 | R10: =(Q10/N10)*100 -> 0 | S10: =Q10-U10 -> 0 | T10: =(S10/Q10)*100 -> #DIV/0! | V10: =IFERROR(U10/Q10*100,0) -> 0 | X10: =100-R10 -> 100 | Y10: =W10-AA10 -> 0 | Z10: =(Y10/W10)*100 -> #DIV/0! | AB10: =IFERROR(AA10/W10*100,0) -> 0 | AC10: =U10+AA10 -> 0 | AD10: =IF(P10>80,"EXCELLENT",IF(P10>70,"STRONG",IF(P10>60,"AVG",IF(P10>50,"WEAK",IF(P10<50,"VLOW"))))) -> AVG | AE10: =IF(R10>80,"EXCELLENT",IF(R10>70,"STRONG",IF(R10>60,"AVG",IF(R10>50,"WEAK",IF(R10<50,"VLOW"))))) -> VLOW | AF10: =IF(X10>80,"EXCELLENT",IF(X10>70,"STRONG",IF(X10>60,"AVG",IF(X10>50,"WEAK",IF(X10<50,"VLOW"))))) -> EXCELLENT | AG10: =IF(M10>L10,"FEMALE DOM","MEN") -> FEMALE DOM | AH10: =IF(T10>Z10,"H","O") -> #DIV/0! | AI10: =G10-E10 -> 35.538462 | AJ10: =IF(E10>G10,"BJP GAIN","CONGRESSGAIN") -> CONGRESSGAIN
C11: =SUM(C3:C10) -> 5252 | D11: =SUM(D3:D10) -> 2523 | E11: =AVERAGE(E3:E10) -> 48.638198 | F11: =SUM(F3:F10) -> 2567 | G11: =AVERAGE(G3:G10) -> 48.297252 | H11: =SUM(H3:H10) -> 31 | I11: =AVERAGE(I3:I10) -> 0.60060736 | J11: =SUM(J3:J10) -> 48 | K11: =AVERAGE(K3:K10) -> 0.89735868 | N11: =SUM(N3:N10) -> 7992 | R11: =(Q11/N11)*100 -> 0 | X11: =100-R11 -> 100 | AE11: =IF(R11>80,"EXCELLENT",IF(R11>70,"STRONG",IF(R11>60,"AVG",IF(R11>50,"WEAK",IF(R11<50,"VLOW"))))) -> VLOW | AF11: =IF(X11>80,"EXCELLENT",IF(X11>70,"STRONG",IF(X11>60,"AVG",IF(X11>50,"WEAK",IF(X11<50,"VLOW"))))) -> EXCELLENT | AI11: =G11-E11 -> -0.34094569 | AJ11: =IF(E11>G11,"BJP GAIN","CONGRESSGAIN") -> BJP GAIN

Sheet ALAPE-S
A1: WARD NAME | B1: Booth | C1: TOTAL VOTERS | D1: No of Valid Votes Cast in favor of | L1: Total of Valid Votes | M1: No.Of Rejected votes | N1: NOTA | O1: Total | P1: TOTAL POLLING % | Q1: BJP% | R1: CONGRESS % | S1: JDS % | T1: AAP% | U1: TOTAL INDEPENDENT % | V1: NOTA% | W1: BJP V/S CONG | X1: BJP V/S OTHERPARTY | Y1: BOOTH STATS | Z1: POLLING BOOTH STATS | AA1: BJP/CONGRESS | AB1: Electors Total | AC1: Electors Polled | AD1: Male Total | AE1: Male Polled | AF1: Female Total | AG1: Female Polled | AH1: Hindus Total | AI1: Hindus Polled | AJ1: Muslims Total | AK1: Muslims Polled | AL1: Christians Total | AM1: Christian polled | AN1: MALE % | AO1: TOTAL MALE POLLED% | AP1: FEMALE % | AQ1: TOTAL FEMALE POLLED % | AR1: GENDER STATS | AS1: MEN POLLING V/S FEMALE POLLING | AT1: TOTAL HINDU% | AU1: TOTAL HINDU POLLED % | AV1: TOTAL MUSLIM % | AW1: TOTAL MUSLIM POLLED % | AX1: TOTAL CHRISTIAN % | AY1: TOTAL CHRISTIAN POLLED % | AZ1: MAJORITY VS MINORITY | BA1: POLLING MAJORITY VS MINORITY
D3: J.R.LOBO | E3: D.VEDAVYASA KAMATH | F3: S | G3: K.SANTHOSH KAMATH | H3: DHARMENDRA | I3: WINNY PINTO | J3: S | K3: K.S.PAI
A7: ALAPE SOUTH | B7: 188 | C7: 1077 | D7: 250 | E7: 476 | F7: 2 | G7: 0 | H7: 0 | I7: 0 | J7: 0 | K7: 1 | L7: 729 | M7: 0 | N7: 4 | O7: =D7+E7+F7+G7+H7+I7+J7+K7+N7 -> 733 | P7: =(O7/C7)*100 -> 68.059424 | Q7: =(E7/O7)*100 -> 64.938608 | R7: =(D7/O7)*100 -> 34.106412 | S7: =(F7/O7)*100 -> 0.2728513 | T7: =(G7/O7)*100 -> 0 | U7: =((H7+I7+J7+K7)/O7)*100 -> 0.13642565 | V7: =(N7/O7)*100 -> 0.54570259 | W7: =Q7-R7 -> 30.832196 | X7: =Q7-(R7+S7+T7+U7) -> 30.42292 | Y7: =IF(AND(W7<0,W7<=1),"LOST",IF(AND(W7>1,W7<=10),"NARROW",IF(AND(W7>10,W7<=40),"MEDIUM",IF(AND(W7>40,W7<=90),"STRONG","")))) -> MEDIUM | Z7: =IF(AND(P7<0,P7<=10),"WEAK",IF(AND(P7>10,P7<20),"BELOW AVG",IF(AND(P7>20,P7<=60),"MEDIUM",IF(AND(P7>60,P7<=90),"STRONG","")))) -> STRONG | AA7: =IF(Q7>R7,"BJP","CONGRESS") -> BJP | AB7: 1068 | AC7: 725 | AD7: 511 | AE7: 344 | AF7: 556 | AG7: 381 | AH7: 778 | AI7: 565 | AJ7: 59 | AK7: 27 | AL7: 231 | AM7: 133 | AN7: =(AD7/AB7)*100 -> 47.846442 | AO7: =(AE7/AC7)*100 -> 47.448276 | AP7: =(AF7/AB7)*100 -> 52.059925 | AQ7: =(AG7/AC7)*100 -> 52.551724 | AR7: =IF(AN7>AP7,"MALE DOM","FEMALE DOM") -> FEMALE DOM | AS7: =IF(AO7>AP7,"MALE","FEMALE") -> FEMALE | AT7: =(AH7/AB7)*100 -> 72.846442 | AU7: =(AI7/AC7)*100 -> 77.931034 | AV7: =(AJ7/AB7)*100 -> 5.5243446 | AW7: =(AK7/AC7)*100 -> 3.7241379 | AX7: =(AL7/AB7)*100 -> 21.629213 | AY7: =(AM7/AC7)*100 -> 18.344828 | AZ7: =IF(AT7>(AV7+AX7),"HINDU","MINORITY") -> HINDU | BA7: =IF(AU7>(AW7+AY7),"HIND","MINORITY") -> HIND
B8: 187 | C8: 1008 | D8: 135 | E8: 583 | F8: 3 | G8: 7 | H8: 0 | I8: 0 | J8: 0 | K8: 1 | L8: 729 | M8: 0 | N8: 4 | O8: =D8+E8+F8+G8+H8+I8+J8+K8+N8 -> 733 | P8: =(O8/C8)*100 -> 72.718254 | Q8: =(E8/O8)*100 -> 79.536153 | R8: =(D8/O8)*100 -> 18.417462 | S8: =(F8/O8)*100 -> 0.40927694 | T8: =(G8/O8)*100 -> 0.95497954 | U8: =((H8+I8+J8+K8)/O8)*100 -> 0.13642565 | V8: =(N8/O8)*100 -> 0.54570259 | W8: =Q8-R8 -> 61.11869 | X8: =Q8-(R8+S8+T8+U8) -> 59.618008 | Y8: =IF(AND(W8<0,W8<=1),"LOST",IF(AND(W8>1,W8<=10),"NARROW",IF(AND(W8>10,W8<=40),"MEDIUM",IF(AND(W8>40,W8<=90),"STRONG","")))) -> STRONG | Z8: =IF(AND(P8<0,P8<=10),"WEAK",IF(AND(P8>10,P8<20),"BELOW AVG",IF(AND(P8>20,P8<=60),"MEDIUM",IF(AND(P8>60,P8<=90),"STRONG","")))) -> STRONG | AA8: =IF(Q8>R8,"BJP","CONGRESS") -> BJP | AB8: 1005 | AD8: 467 | AF8: 538 | AH8: 888 | AJ8: 34 | AL8: 83 | AN8: =(AD8/AB8)*100 -> 46.467662 | AO8: =(AE8/AC8)*100 -> #DIV/0! | AP8: =(AF8/AB8)*100 -> 53.532338 | AQ8: =(AG8/AC8)*100 -> #DIV/0! | AR8: =IF(AN8>AP8,"MALE DOM","FEMALE DOM") -> FEMALE DOM | AS8: =IF(AO8>AP8,"MALE","FEMALE") -> #DIV/0! | AT8: =(AH8/AB8)*100 -> 88.358209 | AU8: =(AI8/AC8)*100 -> #DIV/0! | AV8: =(AJ8/AB8)*100 -> 3.3830846 | AW8: =(AK8/AC8)*100 -> #DIV/0! | AX8: =(AL8/AB8)*100 -> 8.2587065 | AY8: =(AM8/AC8)*100 -> #DIV/0! | AZ8: =IF(AT8>(AV8+AX8),"HINDU","MINORITY") -> HINDU | BA8: =IF(AU8>(AW8+AY8),"HIND","MINORITY") -> #DIV/0!
B9: 186 | C9: 823 | D9: 162 | E9: 450 | F9: 0 | G9: 4 | H9: 0 | I9: 0 | J9: 2 | K9: 3 | L9: 622 | M9: 0 | N9: 7 | O9: =D9+E9+F9+G9+H9+I9+J9+K9+N9 -> 628 | P9: =(O9/C9)*100 -> 76.306197 | Q9: =(E9/O9)*100 -> 71.656051 | R9: =(D9/O9)*100 -> 25.796178 | S9: =(F9/O9)*100 -> 0 | T9: =(G9/O9)*100 -> 0.63694268 | U9: =((H9+I9+J9+K9)/O9)*100 -> 0.79617834 | V9: =(N9/O9)*100 -> 1.1146497 | W9: =Q9-R9 -> 45.859873 | X9: =Q9-(R9+S9+T9+U9) -> 44.426752 | Y9: =IF(AND(W9<0,W9<=1),"LOST",IF(AND(W9>1,W9<=10),"NARROW",IF(AND(W9>10,W9<=40),"MEDIUM",IF(AND(W9>40,W9<=90),"STRONG","")))) -> STRONG | Z9: =IF(AND(P9<0,P9<=10),"WEAK",IF(AND(P9>10,P9<20),"BELOW AVG",IF(AND(P9>20,P9<=60),"MEDIUM",IF(AND(P9>60,P9<=90),"STRONG","")))) -> STRONG | AA9: =IF(Q9>R9,"BJP","CONGRESS") -> BJP | AB9: 818 | AD9: 401 | AF9: 417 | AH9: 632 | AJ9: 97 | AL9: 89 | AN9: =(AD9/AB9)*100 -> 49.022005 | AO9: =(AE9/AC9)*100 -> #DIV/0! | AP9: =(AF9/AB9)*100 -> 50.977995 | AQ9: =(AG9/AC9)*100 -> #DIV/0! | AR9: =IF(AN9>AP9,"MALE DOM","FEMALE DOM") -> FEMALE DOM | AS9: =IF(AO9>AP9,"MALE","FEMALE") -> #DIV/0! | AT9: =(AH9/AB9)*100 -> 77.261614 | AU9: =(AI9/AC9)*100 -> #DIV/0! | AV9: =(AJ9/AB9)*100 -> 11.858191 | AW9: =(AK9/AC9)*100 -> #DIV/0! | AX9: =(AL9/AB9)*100 -> 10.880196 | AY9: =(AM9/AC9)*100 -> #DIV/0! | AZ9: =IF(AT9>(AV9+AX9),"HINDU","MINORITY") -> HINDU | BA9: =IF(AU9>(AW9+AY9),"HIND","MINORITY") -> #DIV/0!
B10: 185 | C10: 523 | D10: 148 | E10: 174 | F10: 1 | G10: 1 | H10: 0 | I10: 0 | J10: 0 | K10: 0 | L10: 324 | M10: 0 | N10: 5 | O10: =D10+E10+F10+G10+H10+I10+J10+K10+N10 -> 329 | P10: =(O10/C10)*100 -> 62.90631 | Q10: =(E10/O10)*100 -> 52.887538 | R10: =(D10/O10)*100 -> 44.984802 | S10: =(F10/O10)*100 -> 0.30395137 | T10: =(G10/O10)*100 -> 0.30395137 | U10: =((H10+I10+J10+K10)/O10)*100 -> 0 | V10: =(N10/O10)*100 -> 1.5197568 | W10: =Q10-R10 -> 7.9027356 | X10: =Q10-(R10+S10+T10+U10) -> 7.2948328 | Y10: =IF(AND(W10<0,W10<=1),"LOST",IF(AND(W10>1,W10<=10),"NARROW",IF(AND(W10>10,W10<=40),"MEDIUM",IF(AND(W10>40,W10<=90),"STRONG","")))) -> NARROW | Z10: =IF(AND(P10<0,P10<=10),"WEAK",IF(AND(P10>10,P10<20),"BELOW AVG",IF(AND(P10>20,P10<=60),"MEDIUM",IF(AND(P10>60,P10<=90),"STRONG","")))) -> STRONG | AA10: =IF(Q10>R10,"BJP","CONGRESS") -> BJP | AB10: 519 | AD10: 248 | AF10: 271 | AH10: 283 | AJ10: 231 | AL10: 5 | AN10: =(AD10/AB10)*100 -> 47.7842 | AO10: =(AE10/AC10)*100 -> #DIV/0! | AP10: =(AF10/AB10)*100 -> 52.2158 | AQ10: =(AG10/AC10)*100 -> #DIV/0! | AR10: =IF(AN10>AP10,"MALE DOM","FEMALE DOM") -> FEMALE DOM | AS10: =IF(AO10>AP10,"MALE","FEMALE") -> #DIV/0! | AT10: =(AH10/AB10)*100 -> 54.527938 | AU10: =(AI10/AC10)*100 -> #DIV/0! | AV10: =(AJ10/AB10)*100 -> 44.508671 | AW10: =(AK10/AC10)*100 -> #DIV/0! | AX10: =(AL10/AB10)*100 -> 0.96339114 | AY10: =(AM10/AC10)*100 -> #DIV/0! | AZ10: =IF(AT10>(AV10+AX10),"HINDU","MINORITY") -> HINDU | BA10: =IF(AU10>(AW10+AY10),"HIND","MINORITY") -> #DIV/0!
B11: 184 | C11: 841 | D11: 128 | E11: 402 | F11: 2 | G11: 7 | H11: 1 | I11: 0 | J11: 0 | K11: 3 | L11: 543 | M11: 0 | N11: 2 | O11: =D11+E11+F11+G11+H11+I11+J11+K11+N11 -> 545 | P11: =(O11/C11)*100 -> 64.803805 | Q11: =(E11/O11)*100 -> 73.761468 | R11: =(D11/O11)*100 -> 23.486239 | S11: =(F11/O11)*100 -> 0.36697248 | T11: =(G11/O11)*100 -> 1.2844037 | U11: =((H11+I11+J11+K11)/O11)*100 -> 0.73394495 | V11: =(N11/O11)*100 -> 0.36697248 | W11: =Q11-R11 -> 50.275229 | X11: =Q11-(R11+S11+T11+U11) -> 47.889908 | Y11: =IF(AND(W11<0,W11<=1),"LOST",IF(AND(W11>1,W11<=10),"NARROW",IF(AND(W11>10,W11<=40),"MEDIUM",IF(AND(W11>40,W11<=90),"STRONG","")))) -> STRONG | Z11: =IF(AND(P11<0,P11<=10),"WEAK",IF(AND(P11>10,P11<20),"BELOW AVG",IF(AND(P11>20,P11<=60),"MEDIUM",IF(AND(P11>60,P11<=90),"STRONG","")))) -> STRONG | AA11: =IF(Q11>R11,"BJP","CONGRESS") -> BJP | AB11: 838 | AC11: 543 | AD11: 404 | AE11: 257 | AF11: 434 | AG11: 286 | AH11: 703 | AI11: 470 | AJ11: 20 | AK11: 18 | AL11: 115 | AM11: 55 | AN11: =(AD11/AB11)*100 -> 48.210024 | AO11: =(AE11/AC11)*100 -> 47.32965 | AP11: =(AF11/AB11)*100 -> 51.789976 | AQ11: =(AG11/AC11)*100 -> 52.67035 | AR11: =IF(AN11>AP11,"MALE DOM","FEMALE DOM") -> FEMALE DOM | AS11: =IF(AO11>AP11,"MALE","FEMALE") -> FEMALE | AT11: =(AH11/AB11)*100 -> 83.890215 | AU11: =(AI11/AC11)*100 -> 86.556169 | AV11: =(AJ11/AB11)*100 -> 2.3866348 | AW11: =(AK11/AC11)*100 -> 3.3149171 | AX11: =(AL11/AB11)*100 -> 13.72315 | AY11: =(AM11/AC11)*100 -> 10.128913 | AZ11: =IF(AT11>(AV11+AX11),"HINDU","MINORITY") -> HINDU | BA11: =IF(AU11>(AW11+AY11),"HIND","MINORITY") -> HIND
B12: 209 | C12: 777 | D12: 218 | E12: 361 | F12: 1 | G12: 4 | H12: 0 | I12: 0 | J12: 0 | K12: 0 | L12: 584 | M12: 0 | N12: 2 | O12: =D12+E12+F12+G12+H12+I12+J12+K12+N12 -> 586 | P12: =(O12/C12)*100 -> 75.418275 | Q12: =(E12/O12)*100 -> 61.604096 | R12: =(D12/O12)*100 -> 37.201365 | S12: =(F12/O12)*100 -> 0.17064846 | T12: =(G12/O12)*100 -> 0.68259386 | U12: =((H12+I12+J12+K12)/O12)*100 -> 0 | V12: =(N12/O12)*100 -> 0.34129693 | W12: =Q12-R12 -> 24.40273 | X12: =Q12-(R12+S12+T12+U12) -> 23.549488 | Y12: =IF(AND(W12<0,W12<=1),"LOST",IF(AND(W12>1,W12<=10),"NARROW",IF(AND(W12>10,W12<=40),"MEDIUM",IF(AND(W12>40,W12<=90),"STRONG","")))) -> MEDIUM | Z12: =IF(AND(P12<0,P12<=10),"WEAK",IF(AND(P12>10,P12<20),"BELOW AVG",IF(AND(P12>20,P12<=60),"MEDIUM",IF(AND(P12>60,P12<=90),"STRONG","")))) -> STRONG | AA12: =IF(Q12>R12,"BJP","CONGRESS") -> BJP | AB12: 771 | AC12: 579 | AD12: 370 | AE12: 272 | AF12: 401 | AG12: 307 | AH12: 560 | AI12: 450 | AJ12: 12 | AK12: 6 | AL12: 199 | AM12: 123 | AN12: =(AD12/AB12)*100 -> 47.989624 | AO12: =(AE12/AC12)*100 -> 46.977547 | AP12: =(AF12/AB12)*100 -> 52.010376 | AQ12: =(AG12/AC12)*100 -> 53.022453 | AR12: =IF(AN12>AP12,"MALE DOM","FEMALE DOM") -> FEMALE DOM | AS12: =IF(AO12>AP12,"MALE","FEMALE") -> FEMALE | AT12: =(AH12/AB12)*100 -> 72.632944 | AU12: =(AI12/AC12)*100 -> 77.720207 | AV12: =(AJ12/AB12)*100 -> 1.5564202 | AW12: =(AK12/AC12)*100 -> 1.0362694 | AX12: =(AL12/AB12)*100 -> 25.810636 | AY12: =(AM12/AC12)*100 -> 21.243523 | AZ12: =IF(AT12>(AV12+AX12),"HINDU","MINORITY") -> HINDU | BA12: =IF(AU12>(AW12+AY12),"HIND","MINORITY") -> HIND
B13: 210 | C13: 663 | D13: 153 | E13: 300 | F13: 5 | G13: 2 | H13: 0 | I13: 0 | J13: 0 | K13: 1 | L13: 461 | M13: 0 | N13: 1 | O13: =D13+E13+F13+G13+H13+I13+J13+K13+N13 -> 462 | P13: =(O13/C13)*100 -> 69.683258 | Q13: =(E13/O13)*100 -> 64.935065 | R13: =(D13/O13)*100 -> 33.116883 | S13: =(F13/O13)*100 -> 1.0822511 | T13: =(G13/O13)*100 -> 0.43290043 | U13: =((H13+I13+J13+K13)/O13)*100 -> 0.21645022 | V13: =(N13/O13)*100 -> 0.21645022 | W13: =Q13-R13 -> 31.818182 | X13: =Q13-(R13+S13+T13+U13) -> 30.08658 | Y13: =IF(AND(W13<0,W13<=1),"LOST",IF(AND(W13>1,W13<=10),"NARROW",IF(AND(W13>10,W13<=40),"MEDIUM",IF(AND(W13>40,W13<=90),"STRONG","")))) -> MEDIUM | Z13: =IF(AND(P13<0,P13<=10),"WEAK",IF(AND(P13>10,P13<20),"BELOW AVG",IF(AND(P13>20,P13<=60),"MEDIUM",IF(AND(P13>60,P13<=90),"STRONG","")))) -> STRONG | AA13: =IF(Q13>R13,"BJP","CONGRESS") -> BJP | AB13: 663 | AD13: 309 | AF13: 354 | AH13: 482 | AJ13: 50 | AL13: 131 | AN13: =(AD13/AB13)*100 -> 46.606335 | AO13: =(AE13/AC13)*100 -> #DIV/0! | AP13: =(AF13/AB13)*100 -> 53.393665 | AQ13: =(AF13/AC13)*100 -> #DIV/0! | AR13: =IF(AN13>AP13,"MALE DOM","FEMALE DOM") -> FEMALE DOM | AS13: =IF(AO13>AP13,"MALE","FEMALE") -> #DIV/0! | AT13: =(AH13/AB13)*100 -> 72.699849 | AU13: =(AI13/AC13)*100 -> #DIV/0! | AV13: =(AJ13/AB13)*100 -> 7.5414781 | AW13: =(AK13/AC13)*100 -> #DIV/0! | AX13: =(AL13/AB13)*100 -> 19.758673 | AY13: =(AM13/AC13)*100 -> #DIV/0! | AZ13: =IF(AT13>(AV13+AX13),"HINDU","MINORITY") -> HINDU | BA13: =IF(AU13>(AW13+AY13),"HIND","MINORITY") -> #DIV/0!
C14: =SUM(C7:C13) -> 5712 | D14: =SUM(D7:D13) -> 1194 | E14: =SUM(E7:E13) -> 2746 | F14: =SUM(F7:F13) -> 14 | G14: =SUM(G7:G13) -> 25 | H14: =SUM(H7:H13) -> 1 | I14: =SUM(I7:I13) -> 0 | J14: =SUM(J7:J13) -> 2 | ... O14: =SUM(O7:O13) -> 4016 | P14: =AVERAGE(P7:P13) -> 69.985075 | Q14: =AVERAGE(Q7:Q13) -> 67.045568 | R14: =AVERAGE(R7:R13) -> 31.01562 | S14: =AVERAGE(S7:S13) -> 0.3722788 | T14: =AVERAGE(T7:T13) -> 0.61368165 | U14: =AVERAGE(U7:U13) -> 0.28848926 | V14: =AVERAGE(V7:V13) -> 0.66436162 | W14: =AVERAGE(W7:W13) -> 36.029948 | X14: =AVERAGE(X7:X13) -> 34.755498 | Y14: =IF(AND(W14<0,W14<=1),"LOST",IF(AND(W14>1,W14<=10),"NARROW",IF(AND(W14>10,W14<=40),"MEDIUM",IF(AND(W14>40,W14<=90),"STRONG","")))) -> MEDIUM | Z14: =IF(AND(P14<0,P14<=10),"WEAK",IF(AND(P14>10,P14<20),"BELOW AVG",IF(AND(P14>20,P14<=60),"MEDIUM",IF(AND(P14>60,P14<=90),"STRONG","")))) -> STRONG | AA14: =IF(Q14>R14,"BJP","CONGRESS") -> BJP | AB14: =SUM(AB7:AB13) -> 5682 | AC14: =SUM(AC13) -> 0 | AD14: =SUM(AD7:AD13) -> 2710 | AE14: =SUM(AE13) -> 0 | AF14: =SUM(AF7:AF13) -> 2971 | AG14: =SUM(AG7) -> 381
C22: TOTAL BOOTH 7 | H22: BOOTH WISE CATEGORIZATION | M22: COMPARITIVE ANALYSIS
C24: BJP WON | F24: =COUNTIF(AA7:AA13,"BJP") -> 7 | H24: NARROW | K24: =COUNTIF(Y7:Y13,"NARROW") -> 1 | M24: BJP %(2018) | P24: ='ALAPE-S18'!E10 -> 61.811415 | Q24: BJP%(2023) | T24: =Q14 -> 67.045568
H26: MEDIUM | K26: =COUNTIF(Y7:Y13,"MEDIUM") -> 3 | M26: CONGRESS %(2018) | P26: ='ALAPE-S18'!G10 -> 32.719776 | Q26: CONGRESS%(2023) | T26: =R14 -> 31.01562
C27: CONGRESS WON | F27: =COUNTIF(AB11:AB17,"CONGRESS") -> 0
H28: STRONG | K28: =COUNTIF(Y7:Y13,"STRONG") -> 3 | M28: TOTAL POLLED (2018) | P28: ='ALAPE-S18'!C10 -> 5029 | Q28: TOTAL POLLED (2023) | T28: =L14 -> 3992
H30: LOST | K30: =COUNTIF(Y7:Y13,"LOST") -> 0 | M30: TOTAL GAIN/LOSS | P30: =P24-P26 -> 29.091639 | Q30: TOTAL GAIN/LOSS | T30: =T24-T26 -> 36.029948
M32: BJP%(18/23) | P32: =T24-P24 -> 5.2341537
M34: CONGRESS%(18/23) | P34: =T26-P26 -> -1.7041556
M36: INCREASE/DECREASE | P36: =IF(P32>P34,"INCREASE","DECREASE") -> INCREASE
M38: ONE BOOTH DECREASE

Sheet ALAPE-S18
A1: BOOTH NO | B1: PS ADDRESS | C1: TOTAL POLLED | D1: BJP | E1: BJP % | F1: INC | G1: INC % | H1: JDS | I1: JDS % | J1: CPI | K1: CPI% | L1: MALE VOTERS | M1: FEMALE VOTERS | N1: TOTAL VOTERS | O1: TOTAL POLLED | P1: PERCENTAGE POLLING | Q1: HINDU | R1: HINDU PERCENTAGE IN THE CONSTITUENCY | S1: HINDU NOT POLLED | T1: % of HINDU NON VOTERS | U1: HINDU POLLED | V1: % OF HINDU VOTERS | W1: others | X1: OTHERS % | Y1: others NOT POLLED | Z1: % OF OTHERS NOT POLLED | AA1: others polled | AB1: % | AD1: BOOTH STATUS(POOLING) | AE1: HINDU POPULATION STATUS | AF1: OTHERS POPULATION STATUS | AG1: GENDER RATIO | AH1: ratio of comparision non voters | AI1: VOTE TRANSITION | AJ1: WIN STATUS
A2: 166 | B2: Adarsha Vidyanilaya Higher Primary School, Alape Karmaru (South Wing ) | C2: 827 | D2: 510 | E2: =(D2/C2)*100 -> 61.668682 | F2: 291 | G2: =(F2/C2)*100 -> 35.187424 | H2: 1 | I2: =(H2/C2)*100 -> 0.12091898 | J2: 10 | K2: =(J2/C2)*100 -> 1.2091898 | L2: 683 | M2: 655 | N2: =L2+M2 -> 1338 | O2: 827 | P2: =O2/N2*100 -> 61.80867 | Q2: 958 | R2: =(Q2/N2)*100 -> 71.599402 | S2: =Q2-U2 -> 336 | T2: =(S2/Q2)*100 -> 35.073069 | U2: 622 | V2: =IFERROR(U2/Q2*100,0) -> 64.926931 | W2: =13+367 -> 380 | X2: =100-R2 -> 28.400598 | Y2: =W2-AA2 -> 195 | Z2: =(Y2/W2)*100 -> 51.315789 | AA2: =7+178 -> 185 | AB2: =IFERROR(AA2/W2*100,0) -> 48.684211 | AC2: =U2+AA2 -> 807 | AD2: =IF(P2>80,"EXCELLENT",IF(P2>70,"STRONG",IF(P2>60,"AVG",IF(P2>50,"WEAK",IF(P2<50,"VLOW"))))) -> AVG | AE2: =IF(R2>80,"EXCELLENT",IF(R2>70,"STRONG",IF(R2>60,"AVG",IF(R2>50,"WEAK",IF(R2<50,"VLOW"))))) -> STRONG | AF2: =IF(X2>80,"EXCELLENT",IF(X2>70,"STRONG",IF(X2>60,"AVG",IF(X2>50,"WEAK",IF(X2<50,"VLOW"))))) -> VLOW | AG2: =IF(M2>L2,"FEMALE DOM","MEN") -> MEN | AH2: =IF(T2>Z2,"H","O") -> O | AI2: =E2-G2 -> 26.481258 | AJ2: =IF(E2>G2,"BJP GAIN","CONGRESSGAIN") -> BJP GAIN
A3: 167 | B3: Adarsha Vidyanilaya Higher Primary School, Alape Karmar ( Ist Room of South Wing ) | C3: 669 | D3: 477 | E3: =(D3/C3)*100 -> 71.300448 | F3: 172 | G3: =(F3/C3)*100 -> 25.710015 | H3: 0 | I3: =(H3/C3)*100 -> 0 | J3: 6 | K3: =(J3/C3)*100 -> 0.89686099 | L3: 453 | M3: 483 | N3: =L3+M3 -> 936 | O3: 669 | P3: =O3/N3*100 -> 71.474359 | Q3: 786 | R3: =(Q3/N3)*100 -> 83.974359 | S3: =Q3-U3 -> 245 | T3: =(S3/Q3)*100 -> 31.170483 | U3: 541 | V3: =IFERROR(U3/Q3*100,0) -> 68.829517 | W3: 150 | X3: =100-R3 -> 16.025641 | Y3: =W3-AA3 -> 59 | Z3: =(Y3/W3)*100 -> 39.333333 | AA3: 91 | AB3: =IFERROR(AA3/W3*100,0) -> 60.666667 | AC3: =U3+AA3 -> 632 | AD3: =IF(P3>80,"EXCELLENT",IF(P3>70,"STRONG",IF(P3>60,"AVG",IF(P3>50,"WEAK",IF(P3<50,"VLOW"))))) -> STRONG | AE3: =IF(R3>80,"EXCELLENT",IF(R3>70,"STRONG",IF(R3>60,"AVG",IF(R3>50,"WEAK",IF(R3<50,"VLOW"))))) -> EXCELLENT | AF3: =IF(X3>80,"EXCELLENT",IF(X3>70,"STRONG",IF(X3>60,"AVG",IF(X3>50,"WEAK",IF(X3<50,"VLOW"))))) -> VLOW | AG3: =IF(M3>L3,"FEMALE DOM","MEN") -> FEMALE DOM | AH3: =IF(T3>Z3,"H","O") -> O | AI3: =E3-G3 -> 45.590433 | AJ3: =IF(E3>G3,"BJP GAIN","CONGRESSGAIN") -> BJP GAIN
A4: 168 | B4: Adarsh Bharathi High School,Alape Karmaru (West wing ) | C4: 395 | D4: 197 | E4: =(D4/C4)*100 -> 49.873418 | F4: 187 | G4: =(F4/C4)*100 -> 47.341772 | H4: 0 | I4: =(H4/C4)*100 -> 0 | J4: 4 | K4: =(J4/C4)*100 -> 1.0126582 | L4: 285 | M4: 315 | N4: =L4+M4 -> 600 | O4: 395 | P4: =O4/N4*100 -> 65.833333 | Q4: 325 | R4: =(Q4/N4)*100 -> 54.166667 | S4: =Q4-U4 -> 121 | T4: =(S4/Q4)*100 -> 37.230769 | U4: 204 | V4: =IFERROR(U4/Q4*100,0) -> 62.769231 | W4: 275 | X4: =100-R4 -> 45.833333 | Y4: =W4-AA4 -> 111 | Z4: =(Y4/W4)*100 -> 40.363636 | AA4: 164 | AB4: =IFERROR(AA4/W4*100,0) -> 59.636364 | AC4: =U4+AA4 -> 368 | AD4: =IF(P4>80,"EXCELLENT",IF(P4>70,"STRONG",IF(P4>60,"AVG",IF(P4>50,"WEAK",IF(P4<50,"VLOW"))))) -> AVG | AE4: =IF(R4>80,"EXCELLENT",IF(R4>70,"STRONG",IF(R4>60,"AVG",IF(R4>50,"WEAK",IF(R4<50,"VLOW"))))) -> WEAK | AF4: =IF(X4>80,"EXCELLENT",IF(X4>70,"STRONG",IF(X4>60,"AVG",IF(X4>50,"WEAK",IF(X4<50,"VLOW"))))) -> VLOW | AG4: =IF(M4>L4,"FEMALE DOM","MEN") -> FEMALE DOM | AH4: =IF(T4>Z4,"H","O") -> O | AI4: =E4-G4 -> 2.5316456 | AJ4: =IF(E4>G4,"BJP GAIN","CONGRESSGAIN") -> BJP GAIN
A5: 169 | B5: Adarsh Bharathi High School,Alape Karmar (Middle wing ) | C5: 607 | D5: 402 | E5: =(D5/C5)*100 -> 66.227348 | F5: 185 | G5: =(F5/C5)*100 -> 30.477759 | H5: 1 | I5: =(H5/C5)*100 -> 0.16474465 | J5: 11 | K5: =(J5/C5)*100 -> 1.8121911 | L5: 398 | M5: 429 | N5: =L5+M5 -> 827 | O5: 607 | P5: =O5/N5*100 -> 73.397823 | Q5: 463 | R5: =(Q5/N5)*100 -> 55.98549 | S5: =Q5-U5 -> 137 | T5: =(S5/Q5)*100 -> 29.589633 | U5: 326 | V5: =IFERROR(U5/Q5*100,0) -> 70.410367 | W5: 20 | X5: =100-R5 -> 44.01451 | Y5: =W5-AA5 -> 9 | Z5: =(Y5/W5)*100 -> 45 | AA5: 11 | AB5: =IFERROR(AA5/W5*100,0) -> 55 | AC5: =U5+AA5 -> 337 | AD5: =IF(P5>80,"EXCELLENT",IF(P5>70,"STRONG",IF(P5>60,"AVG",IF(P5>50,"WEAK",IF(P5<50,"VLOW"))))) -> STRONG | AE5: =IF(R5>80,"EXCELLENT",IF(R5>70,"STRONG",IF(R5>60,"AVG",IF(R5>50,"WEAK",IF(R5<50,"VLOW"))))) -> WEAK | AF5: =IF(X5>80,"EXCELLENT",IF(X5>70,"STRONG",IF(X5>60,"AVG",IF(X5>50,"WEAK",IF(X5<50,"VLOW"))))) -> VLOW | AG5: =IF(M5>L5,"FEMALE DOM","MEN") -> FEMALE DOM | AH5: =IF(T5>Z5,"H","O") -> O | AI5: =E5-G5 -> 35.749588 | AJ5: =IF(E5>G5,"BJP GAIN","CONGRESSGAIN") -> BJP GAIN
A6: 170 | B6: Adarsh Bharathi High School, Alape Karmar (East wing ) | C6: 749 | D6: 594 | E6: =(D6/C6)*100 -> 79.305741 | F6: 125 | G6: =(F6/C6)*100 -> 16.688919 | H6: 1 | I6: =(H6/C6)*100 -> 0.13351135 | J6: 15 | K6: =(J6/C6)*100 -> 2.0026702 | L6: 474 | M6: 547 | N6: =L6+M6 -> 1021 | O6: 749 | P6: =O6/N6*100 -> 73.359452 | Q6: 890 | R6: =(Q6/N6)*100 -> 87.169442 | S6: =Q6-U6 -> 218 | T6: =(S6/Q6)*100 -> 24.494382 | U6: 672 | V6: =IFERROR(U6/Q6*100,0) -> 75.505618 | W6: =34+90 -> 124 | X6: =100-R6 -> 12.830558 | Y6: =W6-AA6 -> 56 | Z6: =(Y6/W6)*100 -> 45.16129 | AA6: =24+44 -> 68 | AB6: =IFERROR(AA6/W6*100,0) -> 54.83871 | AC6: =U6+AA6 -> 740 | AD6: =IF(P6>80,"EXCELLENT",IF(P6>70,"STRONG",IF(P6>60,"AVG",IF(P6>50,"WEAK",IF(P6<50,"VLOW"))))) -> STRONG | AE6: =IF(R6>80,"EXCELLENT",IF(R6>70,"STRONG",IF(R6>60,"AVG",IF(R6>50,"WEAK",IF(R6<50,"VLOW"))))) -> EXCELLENT | AF6: =IF(X6>80,"EXCELLENT",IF(X6>70,"STRONG",IF(X6>60,"AVG",IF(X6>50,"WEAK",IF(X6<50,"VLOW"))))) -> VLOW | AG6: =IF(M6>L6,"FEMALE DOM","MEN") -> FEMALE DOM | AH6: =IF(T6>Z6,"H","O") -> O | AI6: =E6-G6 -> 62.616822 | AJ6: =IF(E6>G6,"BJP GAIN","CONGRESSGAIN") -> BJP GAIN
A7: 189 | B7: Saint Joseph Higher Primary School,Bajal Pakkaladka (Middle Portion ) | C7: 840 | D7: 509 | E7: =(D7/C7)*100 -> 60.595238 | F7: 249 | G7: =(F7/C7)*100 -> 29.642857 | H7: 0 | I7: =(H7/C7)*100 -> 0 | J7: 71 | K7: =(J7/C7)*100 -> 8.452381 | L7: 578 | M7: 615 | N7: =L7+M7 -> 1193 | O7: 840 | P7: =O7/N7*100 -> 70.410729 | Q7: 909 | R7: =(Q7/N7)*100 -> 76.194468 | S7: =Q7-U7 -> 292 | T7: =(S7/Q7)*100 -> 32.123212 | U7: 617 | V7: =IFERROR(U7/Q7*100,0) -> 67.876788 | W7: =109+175 -> 284 | X7: =100-R7 -> 23.805532 | Y7: =W7-AA7 -> 97 | Z7: =(Y7/W7)*100 -> 34.15493 | AA7: =80+107 -> 187 | AB7: =IFERROR(AA7/W7*100,0) -> 65.84507 | AC7: =U7+AA7 -> 804 | AD7: =IF(P7>80,"EXCELLENT",IF(P7>70,"STRONG",IF(P7>60,"AVG",IF(P7>50,"WEAK",IF(P7<50,"VLOW"))))) -> STRONG | AE7: =IF(R7>80,"EXCELLENT",IF(R7>70,"STRONG",IF(R7>60,"AVG",IF(R7>50,"WEAK",IF(R7<50,"VLOW"))))) -> STRONG | AF7: =IF(X7>80,"EXCELLENT",IF(X7>70,"STRONG",IF(X7>60,"AVG",IF(X7>50,"WEAK",IF(X7<50,"VLOW"))))) -> VLOW | AG7: =IF(M7>L7,"FEMALE DOM","MEN") -> FEMALE DOM | AH7: =IF(T7>Z7,"H","O") -> O | AI7: =E7-G7 -> 30.952381 | AJ7: =IF(E7>G7,"BJP GAIN","CONGRESSGAIN") -> BJP GAIN
A8: 190 | B8: Saint Joseph Higher Primary School,Bajal Pakkaladka (South wing ) | C8: 332 | D8: 168 | E8: =(D8/C8)*100 -> 50.60241 | F8: 148 | G8: =(F8/C8)*100 -> 44.578313 | H8: 0 | I8: =(H8/C8)*100 -> 0 | J8: 14 | K8: =(J8/C8)*100 -> 4.2168675 | L8: 234 | M8: 239 | N8: =L8+M8 -> 473 | O8: 332 | P8: =O8/N8*100 -> 70.190275 | Q8: 301 | R8: =(Q8/N8)*100 -> 63.636364 | S8: =Q8-U8 -> 117 | T8: =(S8/Q8)*100 -> 38.870432 | U8: 184 | V8: =IFERROR(U8/Q8*100,0) -> 61.129568 | W8: 172 | X8: =100-R8 -> 36.363636 | Y8: =W8-AA8 -> 35 | Z8: =(Y8/W8)*100 -> 20.348837 | AA8: 137 | AB8: =IFERROR(AA8/W8*100,0) -> 79.651163 | AC8: =U8+AA8 -> 321 | AD8: =IF(P8>80,"EXCELLENT",IF(P8>70,"STRONG",IF(P8>60,"AVG",IF(P8>50,"WEAK",IF(P8<50,"VLOW"))))) -> STRONG | AE8: =IF(R8>80,"EXCELLENT",IF(R8>70,"STRONG",IF(R8>60,"AVG",IF(R8>50,"WEAK",IF(R8<50,"VLOW"))))) -> AVG | AF8: =IF(X8>80,"EXCELLENT",IF(X8>70,"STRONG",IF(X8>60,"AVG",IF(X8>50,"WEAK",IF(X8<50,"VLOW"))))) -> VLOW | AG8: =IF(M8>L8,"FEMALE DOM","MEN") -> FEMALE DOM | AH8: =IF(T8>Z8,"H","O") -> H | AI8: =E8-G8 -> 6.0240964 | AJ8: =IF(E8>G8,"BJP GAIN","CONGRESSGAIN") -> BJP GAIN
A9: 191 | B9: Saint Joseph Higher Primary School,Bajal Pakkaladka (East Wing Of South Building) | C9: 610 | D9: 335 | E9: =(D9/C9)*100 -> 54.918033 | F9: 196 | G9: =(F9/C9)*100 -> 32.131148 | H9: 7 | I9: =(H9/C9)*100 -> 1.147541 | J9: 55 | K9: =(J9/C9)*100 -> 9.0163934 | L9: 376 | M9: 419 | N9: =L9+M9 -> 795 | O9: 610 | P9: =O9/N9*100 -> 76.72956 | Q9: 634 | R9: =(Q9/N9)*100 -> 79.748428 | S9: =Q9-U9 -> 444 | T9: =(S9/Q9)*100 -> 70.031546 | U9: 190 | V9: =IFERROR(U9/Q9*100,0) -> 29.968454 | X9: =100-R9 -> 20.251572 | Y9: =W9-AA9 -> 0 | Z9: =(Y9/W9)*100 -> #DIV/0! | AB9: =IFERROR(AA9/W9*100,0) -> 0 | AC9: =U9+AA9 -> 190 | AD9: =IF(P9>80,"EXCELLENT",IF(P9>70,"STRONG",IF(P9>60,"AVG",IF(P9>50,"WEAK",IF(P9<50,"VLOW"))))) -> STRONG | AE9: =IF(R9>80,"EXCELLENT",IF(R9>70,"STRONG",IF(R9>60,"AVG",IF(R9>50,"WEAK",IF(R9<50,"VLOW"))))) -> STRONG | AF9: =IF(X9>80,"EXCELLENT",IF(X9>70,"STRONG",IF(X9>60,"AVG",IF(X9>50,"WEAK",IF(X9<50,"VLOW"))))) -> VLOW | AG9: =IF(M9>L9,"FEMALE DOM","MEN") -> FEMALE DOM | AH9: =IF(T9>Z9,"H","O") -> #DIV/0! | AI9: =E9-G9 -> 22.786885 | AJ9: =IF(E9>G9,"BJP GAIN","CONGRESSGAIN") -> BJP GAIN
C10: =SUM(C2:C9) -> 5029 | D10: =SUM(D2:D9) -> 3192 | E10: =AVERAGE(E2:E9) -> 61.811415 | F10: =SUM(F2:F9) -> 1553 | G10: =AVERAGE(G2:G9) -> 32.719776 | H10: =SUM(H2:H9) -> 10 | I10: =AVERAGE(I2:I9) -> 0.1958395 | J10: =SUM(J2:J9) -> 186 | K10: =AVERAGE(K2:K9) -> 3.5774015 | L10: =SUM(L2:L9) -> 3481 | M10: =SUM(M2:M9) -> 3702 | N10: =SUM(N2:N9) -> 7183 | O10: =SUM(O2:O9) -> 5029 | P10: =AVERAGE(P2:P9) -> 70.400525 | Q10: =SUM(Q2:Q9) -> 5266 | AD10: =IF(P10>80,"EXCELLENT",IF(P10>70,"STRONG",IF(P10>60,"AVG",IF(P10>50,"WEAK",IF(P10<50,"VLOW"))))) -> STRONG | AI10: =E10-G10 -> 29.091639 | AJ10: =IF(E10>G10,"BJP GAIN","CONGRESSGAIN") -> BJP GAIN

Sheet  ALAPE-N
A1: WARD NAME | B1: Booth | C1: TOTAL VOTERS | D1: No of Valid Votes Cast in favor of | L1: Total of Valid Votes | M1: No.Of Rejected votes | N1: NOTA | O1: Total | P1: TOTAL POLLING % | Q1: BJP% | R1: CONGRESS % | S1: JDS % | T1: AAP% | U1: TOTAL INDEPENDENT % | V1: NOTA% | W1: BJP V/S CONG | X1: BJP V/S OP | Y1: BOOTH CATEGORIATION | Z1: POLLING BOOTH STATS | AA1: BJP/CONGRESS | AB1: Electors Total | AC1: Electors Polled | AD1: Male Total | AE1: Male Polled | AF1: Female Total | AG1: Female Polled | AH1: Hindus Total | AI1: Hindus Polled | AJ1: Muslims Total | AK1: Muslims Polled | AL1: Christians Total | AM1: Christian polled | AN1: MALE % | AO1: TOTAL MALE POLLED% | AP1: FEMALE % | AQ1: TOTAL FEMALE POLLED % | AR1: GENDER STATS | AS1: MEN POLLING V/S FEMALE POLLING | AT1: TOTAL HINDU% | AU1: TOTAL HINDU POLLED % | AV1: TOTAL MUSLIM % | AW1: TOTAL MUSLIM POLLED % | AX1: TOTAL CHRISTIAN % | AY1: TOTAL CHRISTIAN POLLED % | AZ1: MAJORITY VS MINORITY | BA1: POLLING MAJORITY VS MINORITY
D3: J.R.LOBO | E3: D.VEDAVYASA KAMATH | F3: S | G3: K.SANTHOSH KAMATH | H3: DHARMENDRA | I3: WINNY PINTO | J3: S | K3: K.S.PAI
A7: ALAPE NORTH | B7: 44 | C7: 1158 | D7: 182 | E7: 600 | F7: 3 | G7: 1 | H7: 1 | I7: 0 | J7: 5 | K7: 2 | L7: 794 | M7: 0 | N7: 5 | O7: =D7+E7+F7+G7+H7+I7+J7+K7+N7 -> 799 | P7: =(O7/C7)*100 -> 68.998273 | Q7: =(E7/O7)*100 -> 75.093867 | R7: =(D7/O7)*100 -> 22.778473 | S7: =(F7/O7)*100 -> 0.37546934 | T7: =(G7/O7)*100 -> 0.12515645 | U7: =((H7+I7+J7+K7)/O7)*100 -> 1.0012516 | V7: =(N7/O7)*100 -> 0.62578223 | W7: =Q7-R7 -> 52.315394 | X7: =Q7-(R7+S7+T7+U7) -> 50.813517 | Y7: =IF(AND(W7<0,W7<=1),"LOST",IF(AND(W7>1,W7<=10),"NARROW",IF(AND(W7>10,W7<=40),"MEDIUM",IF(AND(W7>40,W7<=90),"STRONG","")))) -> STRONG | Z7: =IF(AND(P7<0,P7<=10),"WEAK",IF(AND(P7>10,P7<20),"BELOW AVG",IF(AND(P7>20,P7<=60),"MEDIUM",IF(AND(P7>60,P7<=90),"STRONG","")))) -> STRONG | AA7: =IF(Q7>R7,"BJP","CONGRESS") -> BJP | AB7: 1157 | AC7: 772 | AD7: 527 | AE7: 342 | AF7: 630 | AG7: 430 | AH7: 1066 | AI7: 723 | AJ7: 0 | AK7: 0 | AL7: 91 | AM7: 49 | AN7: =(AD7/AB7)*100 -> 45.548833 | AO7: =(AE7/AC7)*100 -> 44.300518 | AP7: =(AF7/AB7)*100 -> 54.451167 | AQ7: =(AG7/AC7)*100 -> 55.699482 | AR7: =IF(AN7>AP7,"MALE DOM","FEMALE DOM") -> FEMALE DOM | AS7: =IF(AO7>AP7,"MALE","FEMALE") -> FEMALE | AT7: =(AH7/AB7)*100 -> 92.134831 | AU7: =(AI7/AC7)*100 -> 93.65285 | AV7: =(AJ7/AB7)*100 -> 0 | AW7: =(AK7/AC7)*100 -> 0 | AX7: =(AL7/AB7)*100 -> 7.8651685 | AY7: =(AM7/AC7)*100 -> 6.3471503 | AZ7: =IF(AT7>(AV7+AX7),"HINDU","MINORITY") -> HINDU | BA7: =IF(AU7>(AW7+AY7),"HIND","MINORITY") -> HIND
B8: 189 | C8: 830 | D8: 250 | E8: 282 | F8: 0 | G8: 1 | H8: 0 | I8: 0 | J8: 1 | K8: 0 | L8: 534 | M8: 0 | N8: 2 | O8: =D8+E8+F8+G8+H8+I8+J8+K8+N8 -> 536 | P8: =(O8/C8)*100 -> 64.578313 | Q8: =(E8/O8)*100 -> 52.61194 | R8: =(D8/O8)*100 -> 46.641791 | S8: =(F8/O8)*100 -> 0 | T8: =(G8/O8)*100 -> 0.18656716 | U8: =((H8+I8+J8+K8)/O8)*100 -> 0.18656716 | V8: =(N8/O8)*100 -> 0.37313433 | W8: =Q8-R8 -> 5.9701493 | X8: =Q8-(R8+S8+T8+U8) -> 5.5970149 | Y8: =IF(AND(W8<0,W8<=1),"LOST",IF(AND(W8>1,W8<=10),"NARROW",IF(AND(W8>10,W8<=40),"MEDIUM",IF(AND(W8>40,W8<=90),"STRONG","")))) -> NARROW | Z8: =IF(AND(P8<0,P8<=10),"WEAK",IF(AND(P8>10,P8<20),"BELOW AVG",IF(AND(P8>20,P8<=60),"MEDIUM",IF(AND(P8>60,P8<=90),"STRONG","")))) -> STRONG | AA8: =IF(Q8>R8,"BJP","CONGRESS") -> BJP | AB8: 826 | AD8: 415 | AF8: 410 | AH8: 488 | AJ8: 36 | AL8: 302 | AN8: =(AD8/AB8)*100 -> 50.242131 | AO8: =(AE8/AC8)*100 -> #DIV/0! | AP8: =(AF8/AB8)*100 -> 49.636804 | AQ8: =(AG8/AC8)*100 -> #DIV/0! | AR8: =IF(AN8>AP8,"MALE DOM","FEMALE DOM") -> MALE DOM | AS8: =IF(AO8>AP8,"MALE","FEMALE") -> #DIV/0! | AT8: =(AH8/AB8)*100 -> 59.079903 | AU8: =(AI8/AC8)*100 -> #DIV/0! | AV8: =(AJ8/AB8)*100 -> 4.3583535 | AW8: =(AK8/AC8)*100 -> #DIV/0! | AX8: =(AL8/AB8)*100 -> 36.561743 | AY8: =(AM8/AC8)*100 -> #DIV/0! | AZ8: =IF(AT8>(AV8+AX8),"HINDU","MINORITY") -> HINDU | BA8: =IF(AU8>(AW8+AY8),"HIND","MINORITY") -> #DIV/0!
B9: 191 | C9: 1339 | D9: 418 | E9: 376 | F9: 6 | G9: 4 | H9: 1 | I9: 2 | J9: 1 | K9: 1 | L9: 809 | M9: 0 | N9: 6 | O9: 815 | P9: =(O9/C9)*100 -> 60.866318 | Q9: =(E9/O9)*100 -> 46.134969 | R9: =(D9/O9)*100 -> 51.288344 | S9: =(F9/O9)*100 -> 0.73619632 | T9: =(G9/O9)*100 -> 0.49079755 | U9: =((H9+I9+J9+K9)/O9)*100 -> 0.61349693 | V9: =(N9/O9)*100 -> 0.73619632 | W9: =Q9-R9 -> -5.1533742 | X9: =Q9-(R9+S9+T9+U9) -> -6.993865 | Y9: =IF(AND(W9<0,W9<=1),"LOST",IF(AND(W9>1,W9<=10),"NARROW",IF(AND(W9>10,W9<=40),"MEDIUM",IF(AND(W9>40,W9<=90),"STRONG","")))) -> LOST | Z9: =IF(AND(P9<0,P9<=10),"WEAK",IF(AND(P9>10,P9<20),"BELOW AVG",IF(AND(P9>20,P9<=60),"MEDIUM",IF(AND(P9>60,P9<=90),"STRONG","")))) -> STRONG | AA9: =IF(Q9>R9,"BJP","CONGRESS") -> CONGRESS | AB9: 1331 | AC9: 822 | AD9: 646 | AE9: 396 | AF9: 685 | AG9: 426 | AH9: 780 | AI9: 483 | AJ9: 31 | AK9: 18 | AL9: 520 | AM9: 321 | AN9: =(AD9/AB9)*100 -> 48.534936 | AO9: =(AE9/AC9)*100 -> 48.175182 | AP9: =(AF9/AB9)*100 -> 51.465064 | AQ9: =(AG9/AC9)*100 -> 51.824818 | AR9: =IF(AN9>AP9,"MALE DOM","FEMALE DOM") -> FEMALE DOM | AS9: =IF(AO9>AP9,"MALE","FEMALE") -> FEMALE | AT9: =(AH9/AB9)*100 -> 58.602554 | AU9: =(AI9/AC9)*100 -> 58.759124 | AV9: =(AJ9/AB9)*100 -> 2.3290759 | AW9: =(AK9/AC9)*100 -> 2.189781 | AX9: =(AL9/AB9)*100 -> 39.06837 | AY9: =(AM9/AC9)*100 -> 39.051095 | AZ9: =IF(AT9>(AV9+AX9),"HINDU","MINORITY") -> HINDU | BA9: =IF(AU9>(AW9+AY9),"HIND","MINORITY") -> HIND
B10: 190 | C10: 774 | D10: 241 | E10: 251 | F10: 1 | G10: 0 | H10: 1 | I10: 0 | J10: 0 | K10: 0 | L10: 494 | M10: 0 | N10: 2 | O10: 496 | P10: =(O10/C10)*100 -> 64.082687 | Q10: =(E10/O10)*100 -> 50.604839 | R10: =(D10/O10)*100 -> 48.58871 | S10: =(F10/O10)*100 -> 0.2016129 | T10: =(G10/O10)*100 -> 0 | U10: =((H10+I10+J10+K10)/O10)*100 -> 0.2016129 | V10: =(N10/O10)*100 -> 0.40322581 | W10: =Q10-R10 -> 2.016129 | X10: =Q10-(R10+S10+T10+U10) -> 1.6129032 | Y10: =IF(AND(W10<0,W10<=1),"LOST",IF(AND(W10>1,W10<=10),"NARROW",IF(AND(W10>10,W10<=40),"MEDIUM",IF(AND(W10>40,W10<=90),"STRONG","")))) -> NARROW | Z10: =IF(AND(P10<0,P10<=10),"WEAK",IF(AND(P10>10,P10<20),"BELOW AVG",IF(AND(P10>20,P10<=60),"MEDIUM",IF(AND(P10>60,P10<=90),"STRONG","")))) -> STRONG | AA10: =IF(Q10>R10,"BJP","CONGRESS") -> BJP | AB10: 773 | AD10: 383 | AF10: 390 | AH10: 445 | AJ10: 18 | AL10: 310 | AN10: =(AD10/AB10)*100 -> 49.547219 | AO10: =(AE10/AC10)*100 -> #DIV/0! | AP10: =(AF10/AB10)*100 -> 50.452781 | AQ10: =(AG10/AC10)*100 -> #DIV/0! | AR10: =IF(AN10>AP10,"MALE DOM","FEMALE DOM") -> FEMALE DOM | AS10: =IF(AO10>AP10,"MALE","FEMALE") -> #DIV/0! | AT10: =(AH10/AB10)*100 -> 57.567917 | AU10: =(AI10/AC10)*100 -> #DIV/0! | AV10: =(AJ10/AB10)*100 -> 2.3285899 | AW10: =(AK10/AC10)*100 -> #DIV/0! | AX10: =(AL10/AB10)*100 -> 40.103493 | AY10: =(AM10/AC10)*100 -> #DIV/0! | AZ10: =IF(AT10>(AV10+AX10),"HINDU","MINORITY") -> HINDU | BA10: =IF(AU10>(AW10+AY10),"HIND","MINORITY") -> #DIV/0!
B11: 192 | C11: 1034 | D11: 330 | E11: 337 | F11: 2 | G11: 1 | H11: 1 | I11: 0 | J11: 2 | K11: 0 | L11: 673 | M11: 0 | N11: 5 | O11: 678 | P11: =(O11/C11)*100 -> 65.5706 | Q11: =(E11/O11)*100 -> 49.705015 | R11: =(D11/O11)*100 -> 48.672566 | S11: =(F11/O11)*100 -> 0.29498525 | T11: =(G11/O11)*100 -> 0.14749263 | U11: =((H11+I11+J11+K11)/O11)*100 -> 0.44247788 | V11: =(N11/O11)*100 -> 0.73746313 | W11: =Q11-R11 -> 1.0324484 | X11: =Q11-(R11+S11+T11+U11) -> 0.14749263 | Y11: =IF(AND(W11<0,W11<=1),"LOST",IF(AND(W11>1,W11<=10),"NARROW",IF(AND(W11>10,W11<=40),"MEDIUM",IF(AND(W11>40,W11<=90),"STRONG","")))) -> NARROW | Z11: =IF(AND(P11<0,P11<=10),"WEAK",IF(AND(P11>10,P11<20),"BELOW AVG",IF(AND(P11>20,P11<=60),"MEDIUM",IF(AND(P11>60,P11<=90),"STRONG","")))) -> STRONG | AA11: =IF(Q11>R11,"BJP","CONGRESS") -> BJP | AB11: 1028 | AC11: 609 | AD11: 484 | AE11: 286 | AF11: 544 | AG11: 323 | AH11: 605 | AI11: 386 | AJ11: 14 | AK11: 7 | AL11: 409 | AM11: 216 | AN11: =(AD11/AB11)*100 -> 47.081712 | AO11: =(AE11/AC11)*100 -> 46.962233 | AP11: =(AF11/AB11)*100 -> 52.918288 | AQ11: =(AG11/AC11)*100 -> 53.037767 | AR11: =IF(AN11>AP11,"MALE DOM","FEMALE DOM") -> FEMALE DOM | AS11: =IF(AO11>AP11,"MALE","FEMALE") -> FEMALE | AT11: =(AH11/AB11)*100 -> 58.85214 | AU11: =(AI11/AC11)*100 -> 63.382594 | AV11: =(AJ11/AB11)*100 -> 1.3618677 | AW11: =(AK11/AC11)*100 -> 1.1494253 | AX11: =(AL11/AB11)*100 -> 39.785992 | AY11: =(AM11/AC11)*100 -> 35.46798 | AZ11: =IF(AT11>(AV11+AX11),"HINDU","MINORITY") -> HINDU | BA11: =IF(AU11>(AW11+AY11),"HIND","MINORITY") -> HIND
B12: 197 | C12: 1294 | D12: 360 | E12: 543 | F12: 1 | G12: 1 | H12: 0 | I12: 0 | J12: 2 | K12: 1 | L12: 908 | M12: 0 | N12: 9 | O12: 917 | P12: =(O12/C12)*100 -> 70.865533 | Q12: =(E12/O12)*100 -> 59.214831 | R12: =(D12/O12)*100 -> 39.258451 | S12: =(F12/O12)*100 -> 0.10905125 | T12: =(G12/O12)*100 -> 0.10905125 | U12: =((H12+I12+J12+K12)/O12)*100 -> 0.32715376 | V12: =(N12/O12)*100 -> 0.98146129 | W12: =Q12-R12 -> 19.956379 | X12: =Q12-(R12+S12+T12+U12) -> 19.411123 | Y12: =IF(AND(W12<0,W12<=1),"LOST",IF(AND(W12>1,W12<=10),"NARROW",IF(AND(W12>10,W12<=40),"MEDIUM",IF(AND(W12>40,W12<=90),"STRONG","")))) -> MEDIUM | Z12: =IF(AND(P12<0,P12<=10),"WEAK",IF(AND(P12>10,P12<20),"BELOW AVG",IF(AND(P12>20,P12<=60),"MEDIUM",IF(AND(P12>60,P12<=90),"STRONG","")))) -> STRONG | AA12: =IF(Q12>R12,"BJP","CONGRESS") -> BJP | AB12: 1290 | AC12: 894 | AD12: 606 | AE12: 419 | AF12: 684 | AG12: 475 | AH12: 906 | AI12: 664 | AJ12: 3 | AK12: 0 | AL12: 381 | AM12: 230 | AN12: =(AD12/AB12)*100 -> 46.976744 | AO12: =(AE12/AC12)*100 -> 46.868009 | AP12: =(AF12/AB12)*100 -> 53.023256 | AQ12: =(AG12/AC12)*100 -> 53.131991 | AR12: =IF(AN12>AP12,"MALE DOM","FEMALE DOM") -> FEMALE DOM | AS12: =IF(AO12>AP12,"MALE","FEMALE") -> FEMALE | AT12: =(AH12/AB12)*100 -> 70.232558 | AU12: =(AI12/AC12)*100 -> 74.272931 | AV12: =(AJ12/AB12)*100 -> 0.23255814 | AW12: =(AK12/AC12)*100 -> 0 | AX12: =(AL12/AB12)*100 -> 29.534884 | AY12: =(AM12/AC12)*100 -> 25.727069 | AZ12: =IF(AT12>(AV12+AX12),"HINDU","MINORITY") -> HINDU | BA12: =IF(AU12>(AW12+AY12),"HIND","MINORITY") -> HIND
B13: 45 | C13: 704 | D13: 171 | E13: 350 | F13: 1 | G13: 0 | H13: 0 | I13: 0 | J13: 0 | K13: 2 | L13: 524 | M13: 0 | N13: 2 | O13: =D13+E13+F13+G13+H13+I13+J13+K13+N13 -> 526 | P13: =(O13/C13)*100 -> 74.715909 | Q13: =(E13/O13)*100 -> 66.539924 | R13: =(D13/O13)*100 -> 32.509506 | S13: =(F13/O13)*100 -> 0.19011407 | T13: =(G13/O13)*100 -> 0 | U13: =((H13+I13+J13+K13)/O13)*100 -> 0.38022814 | V13: =(N13/O13)*100 -> 0.38022814 | W13: =Q13-R13 -> 34.030418 | X13: =Q13-(R13+S13+T13+U13) -> 33.460076 | Y13: =IF(AND(W13<0,W13<=1),"LOST",IF(AND(W13>1,W13<=10),"NARROW",IF(AND(W13>10,W13<=40),"MEDIUM",IF(AND(W13>40,W13<=90),"STRONG","")))) -> MEDIUM | Z13: =IF(AND(P13<0,P13<=10),"WEAK",IF(AND(P13>10,P13<20),"BELOW AVG",IF(AND(P13>20,P13<=60),"MEDIUM",IF(AND(P13>60,P13<=90),"STRONG","")))) -> STRONG | AA13: =IF(Q13>R13,"BJP","CONGRESS") -> BJP | AB13: 704 | AC13: 535 | AD13: 338 | AE13: 263 | AF13: 366 | AG13: 272 | AH13: 587 | AI13: 455 | AJ13: 0 | AK13: 0 | AL13: 117 | AM13: 80 | AN13: =(AD13/AB13)*100 -> 48.011364 | AO13: =(AE13/AC13)*100 -> 49.158879 | AP13: =(AF13/AB13)*100 -> 51.988636 | AQ13: =(AG13/AC13)*100 -> 50.841121 | AR13: =IF(AN13>AP13,"MALE DOM","FEMALE DOM") -> FEMALE DOM | AS13: =IF(AO13>AP13,"MALE","FEMALE") -> FEMALE | AT13: =(AH13/AB13)*100 -> 83.380682 | AU13: =(AI13/AC13)*100 -> 85.046729 | AV13: =(AJ13/AB13)*100 -> 0 | AW13: =(AK13/AC13)*100 -> 0 | AX13: =(AL13/AB13)*100 -> 16.619318 | AY13: =(AM13/AC13)*100 -> 14.953271 | AZ13: =IF(AT13>(AV13+AX13),"HINDU","MINORITY") -> HINDU | BA13: =IF(AU13>(AW13+AY13),"HIND","MINORITY") -> HIND
C14: =SUM(C7:C13) -> 7133 | D14: =SUM(D7:D13) -> 1952 | E14: =SUM(E7:E13) -> 2739 | F14: =SUM(F7:F13) -> 14 | G14: =SUM(G7:G13) -> 8 | H14: =SUM(H7:H13) -> 4 | I14: =SUM(I7:I13) -> 2 | J14: =SUM(J7:J13) -> 11 | ... L14: =SUM(L7:L13) -> 4736 | O14: =SUM(O7:O13) -> 4767 | P14: =AVERAGE(P7:P13) -> 67.096805 | Q14: =AVERAGE(Q7:Q13) -> 57.129341 | R14: =AVERAGE(R7:R13) -> 41.39112 | S14: =AVERAGE(S7:S13) -> 0.27248988 | T14: =AVERAGE(T7:T13) -> 0.15129501 | U14: =AVERAGE(U7:U13) -> 0.45039833 | V14: =AVERAGE(V7:V13) -> 0.60535589 | W14: =AVERAGE(W7:W13) -> 15.738221 | X14: =AVERAGE(X7:X13) -> 14.864037 | Y14: =IF(AND(W14<0,W14<=1),"LOST",IF(AND(W14>1,W14<=10),"NARROW",IF(AND(W14>10,W14<=40),"MEDIUM",IF(AND(W14>40,W14<=90),"STRONG","")))) -> MEDIUM | Z14: =IF(AND(P14<0,P14<=10),"WEAK",IF(AND(P14>10,P14<20),"BELOW AVG",IF(AND(P14>20,P14<=60),"MEDIUM",IF(AND(P14>60,P14<=90),"STRONG","")))) -> STRONG | AA14: =IF(Q14>R14,"BJP","CONGRESS") -> BJP | AB14: =SUM(AB7:AB13) -> 7109 | AD14: =SUM(AD7:AD13) -> 3399 | AF14: =SUM(AF7:AF13) -> 3709 | AH14: =SUM(AH7:AH13) -> 4877 | AJ14: =SUM(AJ7:AJ13) -> 102 | AL14: =SUM(AL7:AL13) -> 2130 | AN14: =AVERAGE(AN7:AN13) -> 47.991848 | AO14: =AVERAGE(AO11:AO13) -> 47.66304 | AP14: =AVERAGE(AP7:AP13) -> 51.990857 | AQ14: =AVERAGE(AQ11:AQ13) -> 52.33696 | AR14: =IF(AN14>AP14,"MALE DOM","FEMALE DOM") -> FEMALE DOM | AS14: =IF(AO14>AP14,"MALE","FEMALE") -> FEMALE | AT14: =AVERAGE(AT7:AT13) -> 68.550084
C19: TOTAL BOOTH 7 | H19: BOOTH WISE CATEGORIZATION | N19: COMPARITIVE ANALYSIS
C21: BJP WON | F21: =COUNTIF(AA7:AA13,"BJP") -> 6 | H21: NARROW | K21: =COUNTIF(Y7:Y13,"NARROW") -> 3 | N21: BJP %(2018) | Q21: ='ALAPE-N18'!E9 -> 51.042668 | R21: BJP%(2023) | U21: =Q14 -> 57.129341
H23: MEDIUM | K23: =COUNTIF(Y7:Y13,"MEDIUM") -> 2 | N23: CONGRESS %(2018) | Q23: ='ALAPE-N18'!G9 -> 45.524397 | R23: CONGRESS%(2023) | U23: =R14 -> 41.39112
C24: CONGRESS WON | F24: =COUNTIF(AA7:AA13,"CONGRESS") -> 1
H25: STRONG | K25: =COUNTIF(Y7:Y13,"STRONG") -> 1 | N25: TOTAL POLLED (2018) | Q25: ='ALAPE-N18'!C9 -> 4851 | R25: TOTAL POLLED (2023) | U25: =O14 -> 4767
H27: LOST | K27: =COUNTIF(Y7:Y13,"LOST") -> 1 | N27: TOTAL GAIN/LOSS | Q27: =Q21-Q23 -> 5.5182703 | R27: TOTAL GAIN/LOSS | U27: =U21-U23 -> 15.738221
N29: BJP%(18/23) | Q29: =U21-Q21 -> 6.0866731
N31: CONGRESS%(18/23) | Q31: =U23-Q23 -> -4.1332773
N33: INCREASE/DECREASE | Q33: =IF(Q29>Q31,"INCREASE","DECREASE") -> INCREASE
N35: TWO BOOTHS HAS BEEN ADDED IN 2023

Sheet ALAPE-N18
A1: BOOTH NO | B1: PS ADDRESS | C1: TOTAL POLLED | D1: BJP | E1: BJP % | F1: INC | G1: INC % | H1: JDS | I1: JDS % | J1: CPI | K1: CPI% | L1: MALE VOTERS | M1: FEMALE VOTERS | N1: TOTAL VOTERS | O1: TOTAL POLLED | P1: PERCENTAGE POLLING | Q1: HINDU | R1: HINDU PERCENTAGE IN THE CONSTITUENCY | S1: HINDU NOT POLLED | T1: % of HINDU NON VOTERS | U1: HINDU POLLED | V1: % OF HINDU VOTERS | W1: others | X1: OTHERS % | Y1: others NOT POLLED | Z1: % OF OTHERS NOT POLLED | AA1: others polled | AB1: % | AD1: BOOTH STATUS(POOLING) | AE1: HINDU POPULATION STATUS | AF1: OTHERS POPULATION STATUS | AG1: GENDER RATIO | AH1: ratio of comparision non voters | AI1: VOTE TRANSITION | AJ1: WIN STATUS
A2: 40 | B2: Anganavadi Centre, Saripalla, (Club Builiding) North wing | C2: 793 | D2: 598 | E2: =(D2/C2)*100 -> 75.409836 | F2: 154 | G2: =(F2/C2)*100 -> 19.419924 | H2: 6 | I2: =(H2/C2)*100 -> 0.75662043 | J2: 13 | K2: =(J2/C2)*100 -> 1.6393443 | L2: 512 | M2: 600 | N2: =L2+M2 -> 1112 | O2: 793 | P2: =O2/N2*100 -> 71.31295 | Q2: 1030 | R2: =(Q2/N2)*100 -> 92.625899 | S2: =Q2-U2 -> 313 | T2: =(S2/Q2)*100 -> 30.38835 | U2: 717 | V2: =IFERROR(U2/Q2*100,0) -> 69.61165 | W2: 82 | X2: =100-R2 -> 7.3741007 | Y2: =W2-AA2 -> 11 | Z2: =(Y2/W2)*100 -> 13.414634 | AA2: 71 | AB2: =IFERROR(AA2/W2*100,0) -> 86.585366 | AC2: =U2+AA2 -> 788 | AD2: =IF(P2>80,"EXCELLENT",IF(P2>70,"STRONG",IF(P2>60,"AVG",IF(P2>50,"WEAK",IF(P2<50,"VLOW"))))) -> STRONG | AE2: =IF(R2>80,"EXCELLENT",IF(R2>70,"STRONG",IF(R2>60,"AVG",IF(R2>50,"WEAK",IF(R2<50,"VLOW"))))) -> EXCELLENT | AF2: =IF(X2>80,"EXCELLENT",IF(X2>70,"STRONG",IF(X2>60,"AVG",IF(X2>50,"WEAK",IF(X2<50,"VLOW"))))) -> VLOW | AG2: =IF(M2>L2,"FEMALE DOM","MEN") -> FEMALE DOM | AH2: =IF(T2>Z2,"H","O") -> H | AI2: =E2-G2 -> 55.989912 | AJ2: =IF(E2>G2,"BJP GAIN","CONGRESSGAIN") -> BJP GAIN
A3: 41 | B3: Anganavadi Centre, Saripalla, (Club Builiding) South Wing | C3: 573 | D3: 361 | E3: =(D3/C3)*100 -> 63.001745 | F3: 190 | G3: =(F3/C3)*100 -> 33.158813 | H3: 3 | I3: =(H3/C3)*100 -> 0.52356021 | J3: 7 | K3: =(J3/C3)*100 -> 1.2216405 | L3: 355 | M3: 382 | N3: =L3+M3 -> 737 | O3: 573 | P3: =O3/N3*100 -> 77.747626 | Q3: 612 | R3: =(Q3/N3)*100 -> 83.039349 | S3: =Q3-U3 -> 143 | T3: =(S3/Q3)*100 -> 23.366013 | U3: 469 | V3: =IFERROR(U3/Q3*100,0) -> 76.633987 | W3: 125 | X3: =100-R3 -> 16.960651 | Y3: =W3-AA3 -> 39 | Z3: =(Y3/W3)*100 -> 31.2 | AA3: 86 | AB3: =IFERROR(AA3/W3*100,0) -> 68.8 | AC3: =U3+AA3 -> 555 | AD3: =IF(P3>80,"EXCELLENT",IF(P3>70,"STRONG",IF(P3>60,"AVG",IF(P3>50,"WEAK",IF(P3<50,"VLOW"))))) -> STRONG | AE3: =IF(R3>80,"EXCELLENT",IF(R3>70,"STRONG",IF(R3>60,"AVG",IF(R3>50,"WEAK",IF(R3<50,"VLOW"))))) -> EXCELLENT | AF3: =IF(X3>80,"EXCELLENT",IF(X3>70,"STRONG",IF(X3>60,"AVG",IF(X3>50,"WEAK",IF(X3<50,"VLOW"))))) -> VLOW | AG3: =IF(M3>L3,"FEMALE DOM","MEN") -> FEMALE DOM | AH3: =IF(T3>Z3,"H","O") -> O | AI3: =E3-G3 -> 29.842932 | AJ3: =IF(E3>G3,"BJP GAIN","CONGRESSGAIN") -> BJP GAIN
A4: 171 | B4: Amritha College, Padil (East Portion) | C4: 747 | D4: 465 | E4: =(D4/C4)*100 -> 62.248996 | F4: 272 | G4: =(F4/C4)*100 -> 36.412316 | H4: 0 | I4: =(H4/C4)*100 -> 0 | J4: 4 | K4: =(J4/C4)*100 -> 0.53547523 | L4: 502 | M4: 552 | N4: =L4+M4 -> 1054 | O4: 747 | P4: =O4/N4*100 -> 70.872865 | Q4: 781 | R4: =(Q4/N4)*100 -> 74.098672 | S4: =Q4-U4 -> 221 | T4: =(S4/Q4)*100 -> 28.297055 | U4: 560 | V4: =IFERROR(U4/Q4*100,0) -> 71.702945 | W4: =35+238 -> 273 | X4: =100-R4 -> 25.901328 | Y4: =W4-AA4 -> 89 | Z4: =(Y4/W4)*100 -> 32.600733 | AA4: =24+160 -> 184 | AB4: =IFERROR(AA4/W4*100,0) -> 67.399267 | AC4: =U4+AA4 -> 744
A5: 172 | B5: Amritha College, Padil (Stage Building ) | C5: 586 | D5: 303 | E5: =(D5/C5)*100 -> 51.706485 | F5: 270 | G5: =(F5/C5)*100 -> 46.075085 | H5: 3 | I5: =(H5/C5)*100 -> 0.51194539 | J5: 1 | K5: =(J5/C5)*100 -> 0.17064846 | L5: 412 | M5: 409 | N5: =L5+M5 -> 821 | O5: 586 | P5: =O5/N5*100 -> 71.37637 | Q5: 485 | R5: =(Q5/N5)*100 -> 59.0743 | S5: =Q5-U5 -> 135 | T5: =(S5/Q5)*100 -> 27.835052 | U5: 350 | V5: =IFERROR(U5/Q5*100,0) -> 72.164948 | W5: 336 | X5: =100-R5 -> 40.9257 | Y5: =W5-AA5 -> 100 | Z5: =(Y5/W5)*100 -> 29.761905 | AA5: 236 | AB5: =IFERROR(AA5/W5*100,0) -> 70.238095 | AC5: =U5+AA5 -> 586
A6: 173 | B6: Amritha College, Padil (Middle Portion of East Side) | C6: 502 | D6: 248 | E6: =(D6/C6)*100 -> 49.40239 | F6: 245 | G6: =(F6/C6)*100 -> 48.804781 | H6: 2 | I6: =(H6/C6)*100 -> 0.39840637 | J6: 1 | K6: =(J6/C6)*100 -> 0.19920319 | L6: 371 | M6: 388 | N6: =L6+M6 -> 759 | O6: 502 | P6: =O6/N6*100 -> 66.139657 | Q6: 410 | R6: =(Q6/N6)*100 -> 54.018445 | S6: =Q6-U6 -> 123 | T6: =(S6/Q6)*100 -> 30 | U6: 287 | V6: =IFERROR(U6/Q6*100,0) -> 70 | W6: 349 | X6: =100-R6 -> 45.981555 | Y6: =W6-AA6 -> 134 | Z6: =(Y6/W6)*100 -> 38.395415 | AA6: 215 | AB6: =IFERROR(AA6/W6*100,0) -> 61.604585 | AC6: =U6+AA6 -> 502
A7: 174 | B7: Amritha College, Padil (Middle Portion of West Side) | C7: 684 | D7: 343 | E7: =(D7/C7)*100 -> 50.146199 | F7: 323 | G7: =(F7/C7)*100 -> 47.222222 | H7: 3 | I7: =(H7/C7)*100 -> 0.43859649 | J7: 3 | K7: =(J7/C7)*100 -> 0.43859649 | L7: 535 | M7: 579 | N7: =L7+M7 -> 1114 | O7: 684 | P7: =O7/N7*100 -> 61.400359 | Q7: 652 | R7: =(Q7/N7)*100 -> 58.527828 | S7: =Q7-U7 -> 203 | T7: =(S7/Q7)*100 -> 31.134969 | U7: 449 | V7: =IFERROR(U7/Q7*100,0) -> 68.865031 | W7: 459 | X7: =100-R7 -> 41.472172 | Y7: =W7-AA7 -> 224 | Z7: =(Y7/W7)*100 -> 48.801743 | AA7: 235 | AB7: =IFERROR(AA7/W7*100,0) -> 51.198257 | AC7: =U7+AA7 -> 684
A8: 179 | B8: Amritha College, Padil (West Portion) | C8: 966 | D8: 52 | E8: =(D8/C8)*100 -> 5.3830228 | F8: 846 | G8: =(F8/C8)*100 -> 87.57764 | H8: 2 | I8: =(H8/C8)*100 -> 0.20703934 | J8: 45 | K8: =(J8/C8)*100 -> 4.6583851 | L8: 703 | M8: 656 | N8: =L8+M8 -> 1359 | O8: 966 | P8: =O8/N8*100 -> 71.081678 | Q8: 74 | R8: =(Q8/N8)*100 -> 5.4451803 | S8: =Q8-U8 -> 25 | T8: =(S8/Q8)*100 -> 33.783784 | U8: 49 | V8: =IFERROR(U8/Q8*100,0) -> 66.216216 | W8: 1285 | X8: =100-R8 -> 94.55482 | Y8: =W8-AA8 -> 416 | Z8: =(Y8/W8)*100 -> 32.373541 | AA8: 869 | AB8: =IFERROR(AA8/W8*100,0) -> 67.626459 | AC8: =U8+AA8 -> 918
C9: =SUM(C2:C8) -> 4851 | D9: =SUM(D2:D8) -> 2370 | E9: =AVERAGE(E2:E8) -> 51.042668 | F9: =SUM(F2:F8) -> 2300 | G9: =AVERAGE(G2:G8) -> 45.524397 | H9: =SUM(H2:H8) -> 19 | I9: =SUM(I2:I8) -> 2.8361682 | J9: =AVERAGE(J2:J8) -> 10.571429 | K9: =AVERAGE(K2:K8) -> 1.2661847

Sheet BAJAL
A1: WARD NAME | B1: BOOTH | C1: TOTAL VOTERS | D1: No of Valid Votes Cast in favor of | L1: Total of Valid Votes | M1: No.Of Rejected votes | N1: NOTA | O1: Total | P1: TOTAL POLLING % | Q1: BJP% | R1: CONGRESS % | S1: JDS % | T1: AAP% | U1: TOTAL INDEPENDENT % | V1: NOTA% | W1: BJP V/S CONG | X1: BJP V/S OP | Y1: BOOTH CATEGORIZATION | Z1: POLLING BOOTH STATS | AA1: BJP/CONGRESS | AB1: Electors Total | AC1: Electors Polled | AD1: Male Total | AE1: Male Polled | AF1: Female Total | AG1: Female Polled | AH1: Hindus Total | AI1: Hindus Polled | AJ1: Muslims Total | AK1: Muslims Polled | AL1: Christians Total | AM1: Christian polled | AN1: MALE % | AO1: TOTAL MALE POLLED% | AP1: FEMALE % | AQ1: TOTAL FEMALE POLLED % | AR1: GENDER STATS | AS1: MEN POLLING V/S FEMALE POLLING | AT1: TOTAL HINDU% | AU1: TOTAL HINDU POLLED % | AV1: TOTAL MUSLIM % | AW1: TOTAL MUSLIM POLLED % | AX1: TOTAL CHRISTIAN % | AY1: TOTAL CHRISTIAN POLLED % | AZ1: MAJORITY VS MINORITY | BA1: POLLING MAJORITY VS MINORITY
D3: J.R.LOBO | E3: D.VEDAVYASA KAMATH | F3: S | G3: K.SANTHOSH KAMATH | H3: DHARMENDRA | I3: WINNY PINTO | J3: S | K3: K.S.PAI
A7: BAJAL | B7: 202 | C7: 1128 | D7: 574 | E7: 251 | F7: 6 | G7: 2 | H7: 1 | I7: 1 | J7: 1 | K7: 1 | L7: 837 | M7: 0 | N7: 1 | O7: =D7+E7+F7+G7+H7+I7+J7+K7+N7 -> 838 | P7: =(O7/C7)*100 -> 74.29078 | Q7: =(E7/O7)*100 -> 29.952267 | R7: =(D7/O7)*100 -> 68.49642 | S7: =(F7/O7)*100 -> 0.71599045 | T7: =(G7/O7)*100 -> 0.23866348 | U7: =((H7+I7+J7+K7)/O7)*100 -> 0.47732697 | V7: =(N7/O7)*100 -> 0.11933174 | W7: =Q7-R7 -> -38.544153 | X7: =Q7-(R7+S7+T7+U7) -> -39.976134 | Y7: =IF(AND(W7<0,W7<=1),"LOST",IF(AND(W7>1,W7<=10),"NARROW",IF(AND(W7>10,W7<=40),"MEDIUM",IF(AND(W7>40,W7<=90),"STRONG","")))) -> LOST | Z7: =IF(AND(P7<0,P7<=10),"WEAK",IF(AND(P7>10,P7<20),"BELOW AVG",IF(AND(P7>20,P7<=60),"MEDIUM",IF(AND(P7>60,P7<=90),"STRONG","")))) -> STRONG | AA7: =IF(Q7>R7,"BJP","CONGRESS") -> CONGRESS | AB7: 1117 | AD7: 563 | AF7: 554 | AH7: 352 | AJ7: 712 | AL7: 53 | AN7: =(AD7/AB7)*100 -> 50.402865 | AO7: =(AE7/AC7)*100 -> #DIV/0! | AP7: =(AF7/AB7)*100 -> 49.597135 | AQ7: =(AG7/AC7)*100 -> #DIV/0! | AR7: =IF(AN7>AP7,"MALE DOM","FEMALE DOM") -> MALE DOM | AS7: =IF(AO7>AP7,"MALE","FEMALE") -> #DIV/0! | AT7: =(AH7/AB7)*100 -> 31.512981 | AU7: =(AI7/AC7)*100 -> #DIV/0! | AV7: =(AJ7/AB7)*100 -> 63.742167 | AW7: =(AK7/AC7)*100 -> #DIV/0! | AX7: =(AL7/AB7)*100 -> 4.7448523 | AY7: =(AM7/AC7)*100 -> #DIV/0! | AZ7: =IF(AT7>(AV7+AX7),"HINDU","MINORITY") -> MINORITY | BA7: =IF(AU7>(AW7+AY7),"HIND","MINORITY") -> #DIV/0!
B8: 201 | C8: 1223 | D8: 717 | E8: 66 | F8: 6 | G8: 0 | H8: 0 | I8: 0 | J8: 1 | K8: 1 | L8: 791 | M8: 0 | N8: 7 | O8: =D8+E8+F8+G8+H8+I8+J8+K8+N8 -> 798 | P8: =(O8/C8)*100 -> 65.249387 | Q8: =(E8/O8)*100 -> 8.2706767 | R8: =(D8/O8)*100 -> 89.849624 | S8: =(F8/O8)*100 -> 0.7518797 | T8: =(G8/O8)*100 -> 0 | U8: =((H8+I8+J8+K8)/O8)*100 -> 0.25062657 | V8: =(N8/O8)*100 -> 0.87719298 | W8: =Q8-R8 -> -81.578947 | X8: =Q8-(R8+S8+T8+U8) -> -82.581454 | Y8: =IF(AND(W8<0,W8<=1),"LOST",IF(AND(W8>1,W8<=10),"NARROW",IF(AND(W8>10,W8<=40),"MEDIUM",IF(AND(W8>40,W8<=90),"STRONG","")))) -> LOST | Z8: =IF(AND(P8<0,P8<=10),"WEAK",IF(AND(P8>10,P8<20),"BELOW AVG",IF(AND(P8>20,P8<=60),"MEDIUM",IF(AND(P8>60,P8<=90),"STRONG","")))) -> STRONG | AA8: =IF(Q8>R8,"BJP","CONGRESS") -> CONGRESS | AB8: 1209 | AC8: 658 | AD8: 581 | AE8: 327 | AF8: 628 | AG8: 331 | AH8: 97 | AI8: 63 | AJ8: 1108 | AK8: 594 | AL8: 4 | AM8: 1 | AN8: =(AD8/AB8)*100 -> 48.056245 | AO8: =(AE8/AC8)*100 -> 49.696049 | AP8: =(AF8/AB8)*100 -> 51.943755 | AQ8: =(AG8/AC8)*100 -> 50.303951 | AR8: =IF(AN8>AP8,"MALE DOM","FEMALE DOM") -> FEMALE DOM | AS8: =IF(AO8>AP8,"MALE","FEMALE") -> FEMALE | AT8: =(AH8/AB8)*100 -> 8.0231596 | AU8: =(AI8/AC8)*100 -> 9.5744681 | AV8: =(AJ8/AB8)*100 -> 91.645988 | AW8: =(AK8/AC8)*100 -> 90.273556 | AX8: =(AL8/AB8)*100 -> 0.33085194 | AY8: =(AM8/AC8)*100 -> 0.15197568 | AZ8: =IF(AT8>(AV8+AX8),"HINDU","MINORITY") -> MINORITY | BA8: =IF(AU8>(AW8+AY8),"HIND","MINORITY") -> MINORITY
B9: 203 | C9: 1423 | D9: 740 | E9: 260 | F9: 38 | G9: 1 | H9: 0 | I9: 2 | J9: 0 | K9: 1 | L9: 1042 | M9: 0 | N9: 1 | O9: =D9+E9+F9+G9+H9+I9+J9+K9+N9 -> 1043 | P9: =(O9/C9)*100 -> 73.295854 | Q9: =(E9/O9)*100 -> 24.928092 | R9: =(D9/O9)*100 -> 70.949185 | S9: =(F9/O9)*100 -> 3.6433365 | T9: =(G9/O9)*100 -> 0.095877277 | U9: =((H9+I9+J9+K9)/O9)*100 -> 0.28763183 | V9: =(N9/O9)*100 -> 0.095877277 | W9: =Q9-R9 -> -46.021093 | X9: =Q9-(R9+S9+T9+U9) -> -50.047939 | Y9: =IF(AND(W9<0,W9<=1),"LOST",IF(AND(W9>1,W9<=10),"NARROW",IF(AND(W9>10,W9<=40),"MEDIUM",IF(AND(W9>40,W9<=90),"STRONG","")))) -> LOST | Z9: =IF(AND(P9<0,P9<=10),"WEAK",IF(AND(P9>10,P9<20),"BELOW AVG",IF(AND(P9>20,P9<=60),"MEDIUM",IF(AND(P9>60,P9<=90),"STRONG","")))) -> STRONG | AA9: =IF(Q9>R9,"BJP","CONGRESS") -> CONGRESS | AB9: 1412 | AD9: 692 | AF9: 720 | AH9: 349 | AJ9: 1035 | AL9: 28 | AN9: =(AD9/AB9)*100 -> 49.008499 | AO9: =(AE9/AC9)*100 -> #DIV/0! | AP9: =(AF9/AB9)*100 -> 50.991501 | AQ9: =(AG9/AC9)*100 -> #DIV/0! | AR9: =IF(AN9>AP9,"MALE DOM","FEMALE DOM") -> FEMALE DOM | AS9: =IF(AO9>AP9,"MALE","FEMALE") -> #DIV/0! | AT9: =(AH9/AB9)*100 -> 24.716714 | AU9: =(AI9/AC9)*100 -> #DIV/0! | AV9: =(AJ9/AB9)*100 -> 73.300283 | AW9: =(AK9/AC9)*100 -> #DIV/0! | AX9: =(AL9/AB9)*100 -> 1.9830028 | AY9: =(AM9/AC9)*100 -> #DIV/0! | AZ9: =IF(AT9>(AV9+AX9),"HINDU","MINORITY") -> MINORITY | BA9: =IF(AU9>(AW9+AY9),"HIND","MINORITY") -> #DIV/0!
B10: 204 | C10: 933 | D10: 141 | E10: 527 | F10: 1 | G10: 0 | H10: 0 | I10: 1 | J10: 0 | K10: 3 | L10: 673 | M10: 0 | N10: 7 | O10: =D10+E10+F10+G10+H10+I10+J10+K10+N10 -> 680 | P10: =(O10/C10)*100 -> 72.883173 | Q10: =(E10/O10)*100 -> 77.5 | R10: =(D10/O10)*100 -> 20.735294 | S10: =(F10/O10)*100 -> 0.14705882 | T10: =(G10/O10)*100 -> 0 | U10: =((H10+I10+J10+K10)/O10)*100 -> 0.58823529 | V10: =(N10/O10)*100 -> 1.0294118 | W10: =Q10-R10 -> 56.764706 | X10: =Q10-(R10+S10+T10+U10) -> 56.029412 | Y10: =IF(AND(W10<0,W10<=1),"LOST",IF(AND(W10>1,W10<=10),"NARROW",IF(AND(W10>10,W10<=40),"MEDIUM",IF(AND(W10>40,W10<=90),"STRONG","")))) -> STRONG | Z10: =IF(AND(P10<0,P10<=10),"WEAK",IF(AND(P10>10,P10<20),"BELOW AVG",IF(AND(P10>20,P10<=60),"MEDIUM",IF(AND(P10>60,P10<=90),"STRONG","")))) -> STRONG | AA10: =IF(Q10>R10,"BJP","CONGRESS") -> BJP | AB10: 924 | AC10: 687 | AD10: 458 | AE10: 343 | AF10: 466 | AG10: 344 | AH10: 841 | AI10: 635 | AJ10: 25 | AK10: 19 | AL10: 58 | AM10: 33 | AN10: =(AD10/AB10)*100 -> 49.5671 | AO10: =(AE10/AC10)*100 -> 49.92722 | AP10: =(AF10/AB10)*100 -> 50.4329 | AQ10: =(AG10/AC10)*100 -> 50.07278 | AR10: =IF(AN10>AP10,"MALE DOM","FEMALE DOM") -> FEMALE DOM | AS10: =IF(AO10>AP10,"MALE","FEMALE") -> FEMALE | AT10: =(AH10/AB10)*100 -> 91.017316 | AU10: =(AI10/AC10)*100 -> 92.430859 | AV10: =(AJ10/AB10)*100 -> 2.7056277 | AW10: =(AK10/AC10)*100 -> 2.7656477 | AX10: =(AL10/AB10)*100 -> 6.2770563 | AY10: =(AM10/AC10)*100 -> 4.8034934 | AZ10: =IF(AT10>(AV10+AX10),"HINDU","MINORITY") -> HINDU | BA10: =IF(AU10>(AW10+AY10),"HIND","MINORITY") -> HIND
B11: 206 | C11: 721 | D11: 254 | E11: 215 | F11: 26 | G11: 0 | H11: 0 | I11: 0 | J11: 0 | K11: 1 | L11: 496 | M11: 0 | N11: 2 | O11: =D11+E11+F11+G11+H11+I11+J11+K11+N11 -> 498 | P11: =(O11/C11)*100 -> 69.070735 | Q11: =(E11/O11)*100 -> 43.172691 | R11: =(D11/O11)*100 -> 51.004016 | S11: =(F11/O11)*100 -> 5.2208835 | T11: =(G11/O11)*100 -> 0 | U11: =((H11+I11+J11+K11)/O11)*100 -> 0.20080321 | V11: =(N11/O11)*100 -> 0.40160643 | W11: =Q11-R11 -> -7.8313253 | X11: =Q11-(R11+S11+T11+U11) -> -13.253012 | Y11: =IF(AND(W11<0,W11<=1),"LOST",IF(AND(W11>1,W11<=10),"NARROW",IF(AND(W11>10,W11<=40),"MEDIUM",IF(AND(W11>40,W11<=90),"STRONG","")))) -> LOST | Z11: =IF(AND(P11<0,P11<=10),"WEAK",IF(AND(P11>10,P11<20),"BELOW AVG",IF(AND(P11>20,P11<=60),"MEDIUM",IF(AND(P11>60,P11<=90),"STRONG","")))) -> STRONG | AA11: =IF(Q11>R11,"BJP","CONGRESS") -> CONGRESS | AB11: 720 | AC11: 486 | AD11: 349 | AE11: 236 | AF11: 371 | AG11: 250 | AH11: 380 | AI11: 256 | AJ11: 288 | AK11: 194 | AL11: 52 | AM11: 36 | AN11: =(AD11/AB11)*100 -> 48.472222 | AO11: =(AE11/AC11)*100 -> 48.559671 | AP11: =(AF11/AB11)*100 -> 51.527778 | AQ11: =(AG11/AC11)*100 -> 51.440329 | AR11: =IF(AN11>AP11,"MALE DOM","FEMALE DOM") -> FEMALE DOM | AS11: =IF(AO11>AP11,"MALE","FEMALE") -> FEMALE | AT11: =(AH11/AB11)*100 -> 52.777778 | AU11: =(AI11/AC11)*100 -> 52.674897 | AV11: =(AJ11/AB11)*100 -> 40 | AW11: =(AK11/AC11)*100 -> 39.917695 | AX11: =(AL11/AB11)*100 -> 7.2222222 | AY11: =(AM11/AC11)*100 -> 7.4074074 | AZ11: =IF(AT11>(AV11+AX11),"HINDU","MINORITY") -> HINDU | BA11: =IF(AU11>(AW11+AY11),"HIND","MINORITY") -> HIND
B12: 205 | C12: 1015 | D12: 320 | E12: 350 | F12: 13 | G12: 0 | H12: 0 | I12: 1 | J12: 4 | K12: 1 | L12: 689 | M12: 0 | N12: 3 | O12: =D12+E12+F12+G12+H12+I12+J12+K12+N12 -> 692 | P12: =(O12/C12)*100 -> 68.17734 | Q12: =(E12/O12)*100 -> 50.578035 | R12: =(D12/O12)*100 -> 46.242775 | S12: =(F12/O12)*100 -> 1.8786127 | T12: =(G12/O12)*100 -> 0 | U12: =((H12+I12+J12+K12)/O12)*100 -> 0.86705202 | V12: =(N12/O12)*100 -> 0.43352601 | W12: =Q12-R12 -> 4.3352601 | X12: =Q12-(R12+S12+T12+U12) -> 1.5895954 | Y12: =IF(AND(W12<0,W12<=1),"LOST",IF(AND(W12>1,W12<=10),"NARROW",IF(AND(W12>10,W12<=40),"MEDIUM",IF(AND(W12>40,W12<=90),"STRONG","")))) -> NARROW | Z12: =IF(AND(P12<0,P12<=10),"WEAK",IF(AND(P12>10,P12<20),"BELOW AVG",IF(AND(P12>20,P12<=60),"MEDIUM",IF(AND(P12>60,P12<=90),"STRONG","")))) -> STRONG | AA12: =IF(Q12>R12,"BJP","CONGRESS") -> BJP | AB12: 1008 | AD12: 475 | AF12: 533 | AH12: 609 | AJ12: 340 | AL12: 59 | AN12: =(AD12/AB12)*100 -> 47.123016 | AO12: =(AE12/AC12)*100 -> #DIV/0! | AP12: =(AF12/AB12)*100 -> 52.876984 | AQ12: =(AG12/AC12)*100 -> #DIV/0! | AR12: =IF(AN12>AP12,"MALE DOM","FEMALE DOM") -> FEMALE DOM | AS12: =IF(AO12>AP12,"MALE","FEMALE") -> #DIV/0! | AT12: =(AH12/AB12)*100 -> 60.416667 | AU12: =(AI12/AC12)*100 -> #DIV/0! | AV12: =(AJ12/AB12)*100 -> 33.730159 | AW12: =(AK12/AC12)*100 -> #DIV/0! | AX12: =(AL12/AB12)*100 -> 5.8531746 | AY12: =(AM12/AC12)*100 -> #DIV/0! | AZ12: =IF(AT12>(AV12+AX12),"HINDU","MINORITY") -> HINDU | BA12: =IF(AU12>(AW12+AY12),"HIND","MINORITY") -> #DIV/0!
B13: 207 | C13: 1230 | D13: 275 | E13: 556 | F13: 3 | G13: 0 | H13: 0 | I13: 0 | J13: 0 | K13: 1 | L13: 835 | M13: 0 | N13: 7 | O13: =D13+E13+F13+G13+H13+I13+J13+K13+N13 -> 842 | P13: =(O13/C13)*100 -> 68.455285 | Q13: =(E13/O13)*100 -> 66.033254 | R13: =(D13/O13)*100 -> 32.660333 | S13: =(F13/O13)*100 -> 0.35629454 | T13: =(G13/O13)*100 -> 0 | U13: =((H13+I13+J13+K13)/O13)*100 -> 0.11876485 | V13: =(N13/O13)*100 -> 0.83135392 | W13: =Q13-R13 -> 33.372922 | X13: =Q13-(R13+S13+T13+U13) -> 32.897862 | Y13: =IF(AND(W13<0,W13<=1),"LOST",IF(AND(W13>1,W13<=10),"NARROW",IF(AND(W13>10,W13<=40),"MEDIUM",IF(AND(W13>40,W13<=90),"STRONG","")))) -> MEDIUM | Z13: =IF(AND(P13<0,P13<=10),"WEAK",IF(AND(P13>10,P13<20),"BELOW AVG",IF(AND(P13>20,P13<=60),"MEDIUM",IF(AND(P13>60,P13<=90),"STRONG","")))) -> STRONG | AA13: =IF(Q13>R13,"BJP","CONGRESS") -> BJP | AB13: 1220 | AD13: 562 | AF13: 657 | AH13: 953 | AJ13: 108 | AL13: 159 | AN13: =(AD13/AB13)*100 -> 46.065574 | AO13: =(AE13/AC13)*100 -> #DIV/0! | AP13: =(AF13/AB13)*100 -> 53.852459 | AQ13: =(AG13/AC13)*100 -> #DIV/0! | AR13: =IF(AN13>AP13,"MALE DOM","FEMALE DOM") -> FEMALE DOM | AS13: =IF(AO13>AP13,"MALE","FEMALE") -> #DIV/0! | AT13: =(AH13/AB13)*100 -> 78.114754 | AU13: =(AI13/AC13)*100 -> #DIV/0! | AV13: =(AJ13/AB13)*100 -> 8.852459 | AW13: =(AK13/AC13)*100 -> #DIV/0! | AX13: =(AL13/AB13)*100 -> 13.032787 | AY13: =(AM13/AC13)*100 -> #DIV/0! | AZ13: =IF(AT13>(AV13+AX13),"HINDU","MINORITY") -> HINDU | BA13: =IF(AU13>(AW13+AY13),"HIND","MINORITY") -> #DIV/0!
B14: 208 | C14: 500 | D14: 141 | E14: 181 | F14: 1 | G14: 1 | H14: 0 | I14: 0 | J14: 0 | K14: 0 | L14: 324 | M14: 0 | N14: 0 | O14: =D14+E14+F14+G14+H14+I14+J14+K14+N14 -> 324 | P14: =(O14/C14)*100 -> 64.8 | Q14: =(E14/O14)*100 -> 55.864198 | R14: =(D14/O14)*100 -> 43.518519 | S14: =(F14/O14)*100 -> 0.30864198 | T14: =(G14/O14)*100 -> 0.30864198 | U14: =((H14+I14+J14+K14)/O14)*100 -> 0 | V14: =(N14/O14)*100 -> 0 | W14: =Q14-R14 -> 12.345679 | X14: =Q14-(R14+S14+T14+U14) -> 11.728395 | Y14: =IF(AND(W14<0,W14<=1),"LOST",IF(AND(W14>1,W14<=10),"NARROW",IF(AND(W14>10,W14<=40),"MEDIUM",IF(AND(W14>40,W14<=90),"STRONG","")))) -> MEDIUM | Z14: =IF(AND(P14<0,P14<=10),"WEAK",IF(AND(P14>10,P14<20),"BELOW AVG",IF(AND(P14>20,P14<=60),"MEDIUM",IF(AND(P14>60,P14<=90),"STRONG","")))) -> STRONG | AA14: =IF(Q14>R14,"BJP","CONGRESS") -> BJP | AB14: 498 | AD14: 236 | AF14: 262 | AH14: 292 | AJ14: 48 | AL14: 158 | AN14: =(AD14/AB14)*100 -> 47.389558 | AO14: =(AE14/AC14)*100 -> #DIV/0! | AP14: =(AF14/AB14)*100 -> 52.610442 | AQ14: =(AG14/AC14)*100 -> #DIV/0! | AR14: =IF(AN14>AP14,"MALE DOM","FEMALE DOM") -> FEMALE DOM | AS14: =IF(AO14>AP14,"MALE","FEMALE") -> #DIV/0! | AT14: =(AH14/AB14)*100 -> 58.634538 | AU14: =(AI14/AC14)*100 -> #DIV/0! | AV14: =(AJ14/AB14)*100 -> 9.6385542 | AW14: =(AK14/AC14)*100 -> #DIV/0! | AX14: =(AL14/AB14)*100 -> 31.726908 | AY14: =(AM14/AC14)*100 -> #DIV/0! | AZ14: =IF(AT14>(AV14+AX14),"HINDU","MINORITY") -> HINDU | BA14: =IF(AU14>(AW14+AY14),"HIND","MINORITY") -> #DIV/0!
C15: =SUM(C7:C14) -> 8173 | D15: =SUM(D7:D14) -> 3162 | E15: =SUM(E7:E14) -> 2406 | F15: =SUM(F7:F14) -> 94 | G15: =SUM(G7:G14) -> 4 | H15: =SUM(H7:H14) -> 1 | I15: =SUM(I7:I14) -> 5 | J15: =SUM(J7:J14) -> 6 | ... O15: =SUM(O7:O14) -> 5715 | P15: =AVERAGE(P7:P14) -> 69.527819 | Q15: =AVERAGE(Q7:Q14) -> 44.537402 | R15: =AVERAGE(R7:R14) -> 52.932021 | S15: =AVERAGE(S7:S14) -> 1.6278373 | T15: =AVERAGE(T7:T14) -> 0.080397842 | U15: =AVERAGE(U7:U14) -> 0.34880509 | V15: =AVERAGE(V7:V14) -> 0.47353752 | W15: =AVERAGE(W7:W14) -> -8.394619 | X15: =AVERAGE(X7:X14) -> -10.451659 | Y15: =IF(AND(W15<0,W15<=1),"LOST",IF(AND(W15>1,W15<=10),"NARROW",IF(AND(W15>10,W15<=40),"MEDIUM",IF(AND(W15>40,W15<=90),"STRONG","")))) -> LOST | Z15: =IF(AND(P15<0,P15<=10),"WEAK",IF(AND(P15>10,P15<20),"BELOW AVG",IF(AND(P15>20,P15<=60),"MEDIUM",IF(AND(P15>60,P15<=90),"STRONG","")))) -> STRONG | AA15: =IF(Q15>R15,"BJP","CONGRESS") -> CONGRESS
D19: TOTAL BOOTH 7 | I19: BOOTH WISE CATEGORIZATION | P19: COMPARITIVE ANALYSIS
D21: BJP WON | G21: =COUNTIF(AA7:AA14,"BJP") -> 4 | I21: NARROW | L21: =COUNTIF(Y7:Y14,"NARROW") -> 1 | P21: BJP %(2018) | S21: ='BAJAL-18'!E9 -> 39.235144 | T21: BJP%(2023) | W21: =Q15 -> 44.537402
I23: MEDIUM | L23: =COUNTIF(Y7:Y14,"MEDIUM") -> 2 | P23: CONGRESS %(2018) | S23: ='BAJAL-18'!G9 -> 54.184129 | T23: CONGRESS%(2023) | W23: =R15 -> 52.932021
D24: CONGRESS WON | G24: =COUNTIF(AA7:AA14,"CONGRESS") -> 4
I25: STRONG | L25: =COUNTIF(Y7:Y14,"STRONG") -> 1 | P25: TOTAL POLLED (2018) | S25: ='BAJAL-18'!C9 -> 5027 | T25: TOTAL POLLED (2023) | W25: =Q14 -> 55.864198
I27: LOST | L27: =COUNTIF(Y7:Y14,"LOST") -> 4 | P27: TOTAL GAIN/LOSS | S27: =S21-S23 -> -14.948985 | T27: TOTAL GAIN/LOSS | W27: =W21-W23 -> -8.394619
P29: BJP%(18/23) | S29: =W21-S21 -> 5.3022581
P31: CONGRESS%(18/23) | S31: =W23-S23 -> -1.2521083
P33: INCREASE/DECREASE | S33: =IF(S29>S31,"INCREASE","DECREASE") -> INCREASE
P35: ONE BOOTH HAS BEEN ADDED IN 2023

Sheet BAJAL-18
A1: BOOTH NO | B1: PS ADDRESS | C1: TOTAL POLLED | D1: BJP | E1: BJP % | F1: INC | G1: INC % | H1: JDS | I1: JDS % | J1: CPI | K1: CPI% | L1: MALE VOTERS | M1: FEMALE VOTERS | N1: TOTAL VOTERS | O1: TOTAL POLLED | P1: PERCENTAGE POLLING | Q1: HINDU | R1: HINDU PERCENTAGE IN THE CONSTITUENCY | S1: HINDU NOT POLLED | T1: % of HINDU NON VOTERS | U1: HINDU POLLED | V1: % OF HINDU VOTERS | W1: others | X1: OTHERS % | Y1: others NOT POLLED | Z1: % OF OTHERS NOT POLLED | AA1: others polled | AB1: % | AD1: BOOTH STATUS(POOLING) | AE1: HINDU POPULATION STATUS | AF1: OTHERS POPULATION STATUS | AG1: GENDER RATIO | AH1: ratio of comparision non voters | AI1: VOTE TRANSITION | AJ1: WIN STATUS
A2: 182 | B2: Dakshina Kannada Zilla Panchayath Higher Primary School,Bajal Nanturu (Old Building ) | C2: 620 | D2: 345 | E2: =(D2/C2)*100 -> 55.645161 | F2: 228 | G2: =(F2/C2)*100 -> 36.774194 | H2: 4 | I2: =(H2/C2)*100 -> 0.64516129 | J2: 25 | K2: =(J2/C2)*100 -> 4.0322581 | L2: 434 | M2: 458 | N2: =L2+M2 -> 892 | O2: 620 | P2: =O2/N2*100 -> 69.506726 | Q2: 554 | R2: =(Q2/N2)*100 -> 62.107623 | S2: =Q2-U2 -> 154 | T2: =(S2/Q2)*100 -> 27.797834 | U2: 400 | V2: =IFERROR(U2/Q2*100,0) -> 72.202166 | W2: 338 | X2: =100-R2 -> 37.892377 | Y2: =W2-AA2 -> 118 | Z2: =(Y2/W2)*100 -> 34.911243 | AA2: 220 | AB2: =IFERROR(AA2/W2*100,0) -> 65.088757 | AC2: =U2+AA2 -> 620 | AD2: =IF(P2>80,"EXCELLENT",IF(P2>70,"STRONG",IF(P2>60,"AVG",IF(P2>50,"WEAK",IF(P2<50,"VLOW"))))) -> AVG | AE2: =IF(R2>80,"EXCELLENT",IF(R2>70,"STRONG",IF(R2>60,"AVG",IF(R2>50,"WEAK",IF(R2<50,"VLOW"))))) -> AVG | AF2: =IF(X2>80,"EXCELLENT",IF(X2>70,"STRONG",IF(X2>60,"AVG",IF(X2>50,"WEAK",IF(X2<50,"VLOW"))))) -> VLOW | AG2: =IF(M2>L2,"FEMALE DOM","MEN") -> FEMALE DOM | AH2: =IF(T2>Z2,"H","O") -> O | AI2: =E2-G2 -> 18.870968 | AJ2: =IF(E2>G2,"BJP GAIN","CONGRESSGAIN") -> BJP GAIN
A3: 183 | B3: Dakshina Kannada Zilla Panchayath Higher Primary School.Bajal Nantoor (New Building) | C3: 851 | D3: 67 | E3: =(D3/C3)*100 -> 7.8730905 | F3: 735 | G3: =(F3/C3)*100 -> 86.368978 | H3: 5 | I3: =(H3/C3)*100 -> 0.58754407 | J3: 20 | K3: =(J3/C3)*100 -> 2.3501763 | L3: 562 | M3: 620 | N3: =L3+M3 -> 1182 | O3: 851 | P3: =O3/N3*100 -> 71.996616 | Q3: 100 | R3: =(Q3/N3)*100 -> 8.4602369 | S3: =Q3-U3 -> 32 | T3: =(S3/Q3)*100 -> 32 | U3: 68 | V3: =IFERROR(U3/Q3*100,0) -> 68 | W3: =1020+3 -> 1023 | X3: =100-R3 -> 91.539763 | Y3: =W3-AA3 -> 271 | Z3: =(Y3/W3)*100 -> 26.490714 | AA3: =749+3 -> 752 | AB3: =IFERROR(AA3/W3*100,0) -> 73.509286 | AC3: =U3+AA3 -> 820 | AD3: =IF(P3>80,"EXCELLENT",IF(P3>70,"STRONG",IF(P3>60,"AVG",IF(P3>50,"WEAK",IF(P3<50,"VLOW"))))) -> STRONG | AE3: =IF(R3>80,"EXCELLENT",IF(R3>70,"STRONG",IF(R3>60,"AVG",IF(R3>50,"WEAK",IF(R3<50,"VLOW"))))) -> VLOW | AF3: =IF(X3>80,"EXCELLENT",IF(X3>70,"STRONG",IF(X3>60,"AVG",IF(X3>50,"WEAK",IF(X3<50,"VLOW"))))) -> EXCELLENT | AG3: =IF(M3>L3,"FEMALE DOM","MEN") -> FEMALE DOM | AH3: =IF(T3>Z3,"H","O") -> H | AI3: =G3-E3 -> 78.495887 | AJ3: =IF(E3>G3,"BJP GAIN","CONGRESSGAIN") -> CONGRESSGAIN
A4: 184 | B4: Dakshina Kannada Zilla Panchayath Higher Primary School, Bajal Padpu (New Building ) | C4: 857 | D4: 229 | E4: =(D4/C4)*100 -> 26.72112 | F4: 587 | G4: =(F4/C4)*100 -> 68.494749 | H4: 16 | I4: =(H4/C4)*100 -> 1.8669778 | J4: 9 | K4: =(J4/C4)*100 -> 1.050175 | L4: 550 | M4: 560 | N4: =L4+M4 -> 1110 | O4: 857 | P4: =O4/N4*100 -> 77.207207 | Q4: 365 | R4: =(Q4/N4)*100 -> 32.882883 | S4: =Q4-U4 -> 79 | T4: =(S4/Q4)*100 -> 21.643836 | U4: 286 | V4: =IFERROR(U4/Q4*100,0) -> 78.356164 | W4: =687+58 -> 745 | X4: =100-R4 -> 67.117117 | Y4: =W4-AA4 -> 161 | Z4: =(Y4/W4)*100 -> 21.610738 | AA4: =544+40 -> 584 | AB4: =IFERROR(AA4/W4*100,0) -> 78.389262 | AC4: =U4+AA4 -> 870 | AD4: =IF(P4>80,"EXCELLENT",IF(P4>70,"STRONG",IF(P4>60,"AVG",IF(P4>50,"WEAK",IF(P4<50,"VLOW"))))) -> STRONG | AE4: =IF(R4>80,"EXCELLENT",IF(R4>70,"STRONG",IF(R4>60,"AVG",IF(R4>50,"WEAK",IF(R4<50,"VLOW"))))) -> VLOW | AF4: =IF(X4>80,"EXCELLENT",IF(X4>70,"STRONG",IF(X4>60,"AVG",IF(X4>50,"WEAK",IF(X4<50,"VLOW"))))) -> AVG | AG4: =IF(M4>L4,"FEMALE DOM","MEN") -> FEMALE DOM | AH4: =IF(T4>Z4,"H","O") -> H | AI4: =G4-E4 -> 41.773629 | AJ4: =IF(E4>G4,"BJP GAIN","CONGRESSGAIN") -> CONGRESSGAIN
A5: 185 | B5: Dakshina Kannada Zilla Panchayath higher Primary School,Bajal Padpu (1 St room of Old Building) | C5: 867 | D5: 219 | E5: =(D5/C5)*100 -> 25.259516 | F5: 616 | G5: =(F5/C5)*100 -> 71.049596 | H5: 8 | I5: =(H5/C5)*100 -> 0.92272203 | J5: 18 | K5: =(J5/C5)*100 -> 2.0761246 | L5: 651 | M5: 682 | N5: =L5+M5 -> 1333 | O5: 867 | P5: =O5/N5*100 -> 65.04126 | Q5: 345 | R5: =(Q5/N5)*100 -> 25.88147 | S5: =Q5-U5 -> 78 | T5: =(S5/Q5)*100 -> 22.608696 | U5: 267 | V5: =IFERROR(U5/Q5*100,0) -> 77.391304 | W5: =963+31 -> 994 | X5: =100-R5 -> 74.11853 | Y5: =W5-AA5 -> 385 | Z5: =(Y5/W5)*100 -> 38.732394 | AA5: =581+28 -> 609 | AB5: =IFERROR(AA5/W5*100,0) -> 61.267606 | AC5: =U5+AA5 -> 876 | AD5: =IF(P5>80,"EXCELLENT",IF(P5>70,"STRONG",IF(P5>60,"AVG",IF(P5>50,"WEAK",IF(P5<50,"VLOW"))))) -> AVG | AE5: =IF(R5>80,"EXCELLENT",IF(R5>70,"STRONG",IF(R5>60,"AVG",IF(R5>50,"WEAK",IF(R5<50,"VLOW"))))) -> VLOW | AF5: =IF(X5>80,"EXCELLENT",IF(X5>70,"STRONG",IF(X5>60,"AVG",IF(X5>50,"WEAK",IF(X5<50,"VLOW"))))) -> STRONG | AG5: =IF(M5>L5,"FEMALE DOM","MEN") -> FEMALE DOM | AH5: =IF(T5>Z5,"H","O") -> O | AI5: =G5-E5 -> 45.790081 | AJ5: =IF(E5>G5,"BJP GAIN","CONGRESSGAIN") -> CONGRESSGAIN
A6: 186 | B6: DKZP Hr. PRY.School Bajal Padpu(South Wing Of Old Building) | C6: 691 | D6: 497 | E6: =(D6/C6)*100 -> 71.924747 | F6: 156 | G6: =(F6/C6)*100 -> 22.575977 | H6: 3 | I6: =(H6/C6)*100 -> 0.4341534 | J6: 20 | K6: =(J6/C6)*100 -> 2.894356 | L6: 444 | M6: 449 | N6: =L6+M6 -> 893 | O6: 691 | P6: =O6/N6*100 -> 77.379619 | Q6: 711 | R6: =(Q6/N6)*100 -> 79.619261 | S6: =Q6-U6 -> 149 | T6: =(S6/Q6)*100 -> 20.956399 | U6: 562 | V6: =IFERROR(U6/Q6*100,0) -> 79.043601 | W6: =49+26 -> 75 | X6: =100-R6 -> 20.380739 | Y6: =W6-AA6 -> 29 | Z6: =(Y6/W6)*100 -> 38.666667 | AA6: =31+15 -> 46 | AB6: =IFERROR(AA6/W6*100,0) -> 61.333333 | AC6: =U6+AA6 -> 608 | AD6: =IF(P6>80,"EXCELLENT",IF(P6>70,"STRONG",IF(P6>60,"AVG",IF(P6>50,"WEAK",IF(P6<50,"VLOW"))))) -> STRONG | AE6: =IF(R6>80,"EXCELLENT",IF(R6>70,"STRONG",IF(R6>60,"AVG",IF(R6>50,"WEAK",IF(R6<50,"VLOW"))))) -> STRONG | AF6: =IF(X6>80,"EXCELLENT",IF(X6>70,"STRONG",IF(X6>60,"AVG",IF(X6>50,"WEAK",IF(X6<50,"VLOW"))))) -> VLOW | AG6: =IF(M6>L6,"FEMALE DOM","MEN") -> FEMALE DOM | AH6: =IF(T6>Z6,"H","O") -> O | AI6: =E6-G6 -> 49.34877 | AJ6: =IF(E6>G6,"BJP GAIN","CONGRESSGAIN") -> BJP GAIN
A7: 187 | B7: DKZP Hr. Pry. School Bajal Padpu ( East Wing Of North Building) | C7: 672 | D7: 301 | E7: =(D7/C7)*100 -> 44.791667 | F7: 298 | G7: =(F7/C7)*100 -> 44.345238 | H7: 9 | I7: =(H7/C7)*100 -> 1.3392857 | J7: 54 | K7: =(J7/C7)*100 -> 8.0357143 | L7: 445 | M7: 500 | N7: =L7+M7 -> 945 | O7: 672 | P7: =O7/N7*100 -> 71.111111 | Q7: 574 | R7: =(Q7/N7)*100 -> 60.740741 | S7: =Q7-U7 -> 227 | T7: =(S7/Q7)*100 -> 39.547038 | U7: 347 | V7: =IFERROR(U7/Q7*100,0) -> 60.452962 | W7: 371 | X7: =100-R7 -> 39.259259 | Y7: =W7-AA7 -> 154 | Z7: =(Y7/W7)*100 -> 41.509434 | AA7: 217 | AB7: =IFERROR(AA7/W7*100,0) -> 58.490566 | AC7: =U7+AA7 -> 564 | AD7: =IF(P7>80,"EXCELLENT",IF(P7>70,"STRONG",IF(P7>60,"AVG",IF(P7>50,"WEAK",IF(P7<50,"VLOW"))))) -> STRONG | AE7: =IF(R7>80,"EXCELLENT",IF(R7>70,"STRONG",IF(R7>60,"AVG",IF(R7>50,"WEAK",IF(R7<50,"VLOW"))))) -> AVG | AF7: =IF(X7>80,"EXCELLENT",IF(X7>70,"STRONG",IF(X7>60,"AVG",IF(X7>50,"WEAK",IF(X7<50,"VLOW"))))) -> VLOW | AG7: =IF(M7>L7,"FEMALE DOM","MEN") -> FEMALE DOM | AH7: =IF(T7>Z7,"H","O") -> O | AI7: =E7-G7 -> 0.44642857 | AJ7: =IF(E7>G7,"BJP GAIN","CONGRESSGAIN") -> BJP GAIN
A8: 188 | B8: Saint Joseph Higher Primary School,Bajal Pakkaladka (North wing ) | C8: 469 | D8: 199 | E8: =(D8/C8)*100 -> 42.430704 | F8: 233 | G8: =(F8/C8)*100 -> 49.680171 | H8: 7 | I8: =(H8/C8)*100 -> 1.4925373 | J8: 23 | K8: =(J8/C8)*100 -> 4.9040512 | L8: 333 | M8: 349 | N8: =L8+M8 -> 682 | O8: 469 | P8: =O8/N8*100 -> 68.768328 | Q8: 368 | R8: =(Q8/N8)*100 -> 53.958944 | S8: =Q8-U8 -> 122 | T8: =(S8/Q8)*100 -> 33.152174 | U8: 246 | V8: =IFERROR(U8/Q8*100,0) -> 66.847826 | W8: =277+35 -> 312 | X8: =100-R8 -> 46.041056 | Y8: =W8-AA8 -> 89 | Z8: =(Y8/W8)*100 -> 28.525641 | AA8: =192+23+8 -> 223 | AB8: =IFERROR(AA8/W8*100,0) -> 71.474359 | AC8: =U8+AA8 -> 469 | AD8: =IF(P8>80,"EXCELLENT",IF(P8>70,"STRONG",IF(P8>60,"AVG",IF(P8>50,"WEAK",IF(P8<50,"VLOW"))))) -> AVG | AE8: =IF(R8>80,"EXCELLENT",IF(R8>70,"STRONG",IF(R8>60,"AVG",IF(R8>50,"WEAK",IF(R8<50,"VLOW"))))) -> WEAK | AF8: =IF(X8>80,"EXCELLENT",IF(X8>70,"STRONG",IF(X8>60,"AVG",IF(X8>50,"WEAK",IF(X8<50,"VLOW"))))) -> VLOW | AG8: =IF(M8>L8,"FEMALE DOM","MEN") -> FEMALE DOM | AH8: =IF(T8>Z8,"H","O") -> H | AI8: =G8-E8 -> 7.249467 | AJ8: =IF(E8>G8,"BJP GAIN","CONGRESSGAIN") -> CONGRESSGAIN
C9: =SUM(C2:C8) -> 5027 | D9: =SUM(D2:D8) -> 1857 | E9: =AVERAGE(E2:E8) -> 39.235144 | F9: =SUM(F2:F8) -> 2853 | G9: =AVERAGE(G2:G8) -> 54.184129 | H9: =SUM(H2:H8) -> 52 | I9: =AVERAGE(I2:I8) -> 1.0411974 | J9: =SUM(J2:J8) -> 169 | K9: =AVERAGE(K2:K8) -> 3.6204079 | AJ9: =IF(E9>G9,"BJP GAIN","CONGRESSGAIN") -> CONGRESSGAIN

Sheet BEJAI
A1: WARD NAME | B1: BOOTH | C1: TOTAL VOTERS | D1: No of Valid Votes Cast in favor of | L1: Total of Valid Votes | M1: No.Of Rejected votes | N1: NOTA | O1: Total | P1: TOTAL POLLING % | Q1: BJP% | R1: CONGRESS % | S1: JDS % | T1: AAP% | U1: TOTAL INDEPENDENT % | V1: NOTA% | W1: BJP V/S CONGRESS | X1: BJP V/S OP | Y1: BOOTH CATEGORIZATION | Z1: POLLING BOOTH STATS | AA1: BJP/CONGRESS | AB1: Electors Total | AC1: Electors Polled | AD1: Male Total | AE1: Male Polled | AF1: Female Total | AG1: Female Polled | AH1: Hindus Total | AI1: Hindus Polled | AJ1: Muslims Total | AK1: Muslims Polled | AL1: Christians Total | AM1: Christian polled | AN1: MALE % | AO1: TOTAL MALE POLLED% | AP1: FEMALE % | AQ1: TOTAL FEMALE POLLED % | AR1: GENDER STATS | AS1: MEN POLLING V/S FEMALE POLLING | AT1: TOTAL HINDU% | AU1: TOTAL HINDU POLLED % | AV1: TOTAL MUSLIM % | AW1: TOTAL MUSLIM POLLED % | AX1: TOTAL CHRISTIAN % | AY1: TOTAL CHRISTIAN POLLED % | AZ1: MAJORITY VS MINORITY | BA1: POLLING MAJORITY VS MINORITY
D3: J.R.LOBO | E3: D.VEDAVYASA KAMATH | F3: S | G3: K.SANTHOSH KAMATH | H3: DHARMENDRA | I3: WINNY PINTO | J3: S | K3: K.S.PAI
A7: BEJAI | B7: 15 | C7: 489 | D7: 119 | E7: 168 | F7: 1 | G7: 2 | H7: 0 | I7: 2 | J7: 1 | K7: 0 | L7: 293 | M7: 0 | N7: 1 | O7: =D7+E7+F7+G7+H7+I7+J7+K7+N7 -> 294 | P7: =(O7/C7)*100 -> 60.122699 | Q7: =(E7/O7)*100 -> 57.142857 | R7: =(D7/O7)*100 -> 40.47619 | S7: =(F7/O7)*100 -> 0.34013605 | T7: =(G7/O7)*100 -> 0.68027211 | U7: =((H7+I7+J7+K7)/O7)*100 -> 1.0204082 | V7: =(N7/O7)*100 -> 0.34013605 | W7: =Q7-R7 -> 16.666667 | X7: =Q7-(R7+S7+T7+U7) -> 14.62585 | Y7: =IF(AND(W7<0,W7<=1),"LOST",IF(AND(W7>1,W7<=10),"NARROW",IF(AND(W7>10,W7<=40),"MEDIUM",IF(AND(W7>40,W7<=90),"STRONG","")))) -> MEDIUM | Z7: =IF(AND(P7<0,P7<=10),"WEAK",IF(AND(P7>10,P7<20),"BELOW AVG",IF(AND(P7>20,P7<=60),"MEDIUM",IF(AND(P7>60,P7<=90),"STRONG","")))) -> STRONG | AA7: =IF(Q7>R7,"BJP","CONGRESS") -> BJP | AB7: 483 | AC7: 258 | AD7: 220 | AE7: 118 | AF7: 263 | AG7: 140 | AH7: 307 | AI7: 175 | AJ7: 0 | AK7: 0 | AL7: 176 | AM7: 83 | AN7: =(AD7/AB7)*100 -> 45.548654 | AO7: =(AE7/AC7)*100 -> 45.736434 | AP7: =(AF7/AB7)*100 -> 54.451346 | AQ7: =(AG7/AC7)*100 -> 54.263566 | AR7: =IF(AN7>AP7,"MALE DOM","FEMALE DOM") -> FEMALE DOM | AS7: =IF(AO7>AP7,"MALE","FEMALE") -> FEMALE | AT7: =(AH7/AB7)*100 -> 63.561077 | AU7: =(AI7/AC7)*100 -> 67.829457 | AV7: =(AJ7/AB7)*100 -> 0 | AW7: =(AK7/AC7)*100 -> 0 | AX7: =(AL7/AB7)*100 -> 36.438923 | AY7: =(AM7/AC7)*100 -> 32.170543 | AZ7: =IF(AT7>(AV7+AX7),"HINDU","MINORITY") -> HINDU | BA7: =IF(AU7>(AW7+AY7),"HIND","MINORITY") -> HIND
B8: 16 | C8: 1042 | D8: 192 | E8: 439 | F8: 2 | G8: 3 | H8: 1 | I8: 0 | J8: 0 | K8: 0 | L8: 637 | M8: 0 | N8: 9 | O8: =D8+E8+F8+G8+H8+I8+J8+K8+N8 -> 646 | P8: =(O8/C8)*100 -> 61.996161 | Q8: =(E8/O8)*100 -> 67.956656 | R8: =(D8/O8)*100 -> 29.721362 | S8: =(F8/O8)*100 -> 0.30959752 | T8: =(G8/O8)*100 -> 0.46439628 | U8: =((H8+I8+J8+K8)/O8)*100 -> 0.15479876 | V8: =(N8/O8)*100 -> 1.3931889 | W8: =Q8-R8 -> 38.235294 | X8: =Q8-(R8+S8+T8+U8) -> 37.306502 | Y8: =IF(AND(W8<0,W8<=1),"LOST",IF(AND(W8>1,W8<=10),"NARROW",IF(AND(W8>10,W8<=40),"MEDIUM",IF(AND(W8>40,W8<=90),"STRONG","")))) -> MEDIUM | Z8: =IF(AND(P8<0,P8<=10),"WEAK",IF(AND(P8>10,P8<20),"BELOW AVG",IF(AND(P8>20,P8<=60),"MEDIUM",IF(AND(P8>60,P8<=90),"STRONG","")))) -> STRONG | AA8: =IF(Q8>R8,"BJP","CONGRESS") -> BJP | AB8: 1040 | AC8: 603 | AD8: 517 | AE8: 305 | AF8: 523 | AG8: 298 | AH8: 786 | AI8: 481 | AJ8: 10 | AK8: 7 | AL8: 244 | AM8: 115 | AN8: =(AD8/AB8)*100 -> 49.711538 | AO8: =(AE8/AC8)*100 -> 50.580431 | AP8: =(AF8/AB8)*100 -> 50.288462 | AQ8: =(AG8/AC8)*100 -> 49.419569 | AR8: =IF(AN8>AP8,"MALE DOM","FEMALE DOM") -> FEMALE DOM | AS8: =IF(AO8>AP8,"MALE","FEMALE") -> MALE | AT8: =(AH8/AB8)*100 -> 75.576923 | AU8: =(AI8/AC8)*100 -> 79.767828 | AV8: =(AJ8/AB8)*100 -> 0.96153846 | AW8: =(AK8/AC8)*100 -> 1.1608624 | AX8: =(AL8/AB8)*100 -> 23.461538 | AY8: =(AM8/AC8)*100 -> 19.07131 | AZ8: =IF(AT8>(AV8+AX8),"HINDU","MINORITY") -> HINDU | BA8: =IF(AU8>(AW8+AY8),"HIND","MINORITY") -> HIND
B9: 18 | C9: 1159 | D9: 293 | E9: 392 | F9: 1 | G9: 2 | H9: 1 | I9: 2 | J9: 0 | K9: 0 | L9: 691 | M9: 0 | N9: 5 | O9: =D9+E9+F9+G9+H9+I9+J9+K9+N9 -> 696 | P9: =(O9/C9)*100 -> 60.051769 | Q9: =(E9/O9)*100 -> 56.321839 | R9: =(D9/O9)*100 -> 42.097701 | S9: =(F9/O9)*100 -> 0.14367816 | T9: =(G9/O9)*100 -> 0.28735632 | U9: =((H9+I9+J9+K9)/O9)*100 -> 0.43103448 | V9: =(N9/O9)*100 -> 0.7183908 | W9: =Q9-R9 -> 14.224138 | X9: =Q9-(R9+S9+T9+U9) -> 13.362069 | Y9: =IF(AND(W9<0,W9<=1),"LOST",IF(AND(W9>1,W9<=10),"NARROW",IF(AND(W9>10,W9<=40),"MEDIUM",IF(AND(W9>40,W9<=90),"STRONG","")))) -> MEDIUM | Z9: =IF(AND(P9<0,P9<=10),"WEAK",IF(AND(P9>10,P9<20),"BELOW AVG",IF(AND(P9>20,P9<=60),"MEDIUM",IF(AND(P9>60,P9<=90),"STRONG","")))) -> STRONG | AA9: =IF(Q9>R9,"BJP","CONGRESS") -> BJP | AB9: 1151 | AC9: 686 | AD9: 545 | AE9: 316 | AF9: 606 | AG9: 370 | AH9: 772 | AI9: 467 | AJ9: 16 | AK9: 7 | AL9: 363 | AM9: 212 | AN9: =(AD9/AB9)*100 -> 47.35013 | AO9: =(AE9/AC9)*100 -> 46.06414 | AP9: =(AF9/AB9)*100 -> 52.64987 | AQ9: =(AG9/AC9)*100 -> 53.93586 | AR9: =IF(AN9>AP9,"MALE DOM","FEMALE DOM") -> FEMALE DOM | AS9: =IF(AO9>AP9,"MALE","FEMALE") -> FEMALE | AT9: =(AH9/AB9)*100 -> 67.072111 | AU9: =(AI9/AC9)*100 -> 68.075802 | AV9: =(AJ9/AB9)*100 -> 1.3900956 | AW9: =(AK9/AC9)*100 -> 1.0204082 | AX9: =(AL9/AB9)*100 -> 31.537793 | AY9: =(AM9/AC9)*100 -> 30.90379 | AZ9: =IF(AT9>(AV9+AX9),"HINDU","MINORITY") -> HINDU | BA9: =IF(AU9>(AW9+AY9),"HIND","MINORITY") -> HIND
B10: 19 | C10: 1142 | D10: 269 | E10: 472 | F10: 1 | G10: 2 | H10: 0 | I10: 0 | J10: 2 | K10: 0 | L10: 746 | M10: 0 | N10: 11 | O10: =D10+E10+F10+G10+H10+I10+J10+K10+N10 -> 757 | P10: =(O10/C10)*100 -> 66.287215 | Q10: =(E10/O10)*100 -> 62.351387 | R10: =(D10/O10)*100 -> 35.535007 | S10: =(F10/O10)*100 -> 0.1321004 | T10: =(G10/O10)*100 -> 0.26420079 | U10: =((H10+I10+J10+K10)/O10)*100 -> 0.26420079 | V10: =(N10/O10)*100 -> 1.4531044 | W10: =Q10-R10 -> 26.81638 | X10: =Q10-(R10+S10+T10+U10) -> 26.155878 | Y10: =IF(AND(W10<0,W10<=1),"LOST",IF(AND(W10>1,W10<=10),"NARROW",IF(AND(W10>10,W10<=40),"MEDIUM",IF(AND(W10>40,W10<=90),"STRONG","")))) -> MEDIUM | Z10: =IF(AND(P10<0,P10<=10),"WEAK",IF(AND(P10>10,P10<20),"BELOW AVG",IF(AND(P10>20,P10<=60),"MEDIUM",IF(AND(P10>60,P10<=90),"STRONG","")))) -> STRONG | AA10: =IF(Q10>R10,"BJP","CONGRESS") -> BJP | AB10: 1136 | AC10: 746 | AD10: 537 | AE10: 352 | AF10: 599 | AG10: 394 | AH10: 878 | AI10: 595 | AJ10: 14 | AK10: 8 | AL10: 244 | AM10: 143 | AN10: =(AD10/AB10)*100 -> 47.271127 | AO10: =(AE10/AC10)*100 -> 47.184987 | AP10: =(AF10/AB10)*100 -> 52.728873 | AQ10: =(AG10/AC10)*100 -> 52.815013 | AR10: =IF(AN10>AP10,"MALE DOM","FEMALE DOM") -> FEMALE DOM | AS10: =IF(AO10>AP10,"MALE","FEMALE") -> FEMALE | AT10: =(AH10/AB10)*100 -> 77.288732 | AU10: =(AI10/AC10)*100 -> 79.758713 | AV10: =(AJ10/AB10)*100 -> 1.2323944 | AW10: =(AK10/AC10)*100 -> 1.0723861 | AX10: =(AL10/AB10)*100 -> 21.478873 | AY10: =(AM10/AC10)*100 -> 19.168901 | AZ10: =IF(AT10>(AV10+AX10),"HINDU","MINORITY") -> HINDU | BA10: =IF(AU10>(AW10+AY10),"HIND","MINORITY") -> HIND
B11: 23 | C11: 1102 | D11: 270 | E11: 458 | F11: 0 | G11: 5 | H11: 0 | I11: 0 | J11: 0 | K11: 0 | L11: 733 | M11: 0 | N11: 7 | O11: =D11+E11+F11+G11+H11+I11+J11+K11+N11 -> 740 | P11: =(O11/C11)*100 -> 67.150635 | Q11: =(E11/O11)*100 -> 61.891892 | R11: =(D11/O11)*100 -> 36.486486 | S11: =(F11/O11)*100 -> 0 | T11: =(G11/O11)*100 -> 0.67567568 | U11: =((H11+I11+J11+K11)/O11)*100 -> 0 | V11: =(N11/O11)*100 -> 0.94594595 | W11: =Q11-R11 -> 25.405405 | X11: =Q11-(R11+S11+T11+U11) -> 24.72973 | Y11: =IF(AND(W11<0,W11<=1),"LOST",IF(AND(W11>1,W11<=10),"NARROW",IF(AND(W11>10,W11<=40),"MEDIUM",IF(AND(W11>40,W11<=90),"STRONG","")))) -> MEDIUM | Z11: =IF(AND(P11<0,P11<=10),"WEAK",IF(AND(P11>10,P11<20),"BELOW AVG",IF(AND(P11>20,P11<=60),"MEDIUM",IF(AND(P11>60,P11<=90),"STRONG","")))) -> STRONG | AA11: =IF(Q11>R11,"BJP","CONGRESS") -> BJP | AB11: 1094 | AC11: 715 | AD11: 527 | AE11: 342 | AF11: 567 | AG11: 373 | AH11: 752 | AI11: 502 | AJ11: 84 | AK11: 54 | AL11: 258 | AM11: 159 | AN11: =(AD11/AB11)*100 -> 48.171846 | AO11: =(AE11/AC11)*100 -> 47.832168 | AP11: =(AF11/AB11)*100 -> 51.828154 | AQ11: =(AG11/AC11)*100 -> 52.167832 | AR11: =IF(AN11>AP11,"MALE DOM","FEMALE DOM") -> FEMALE DOM | AS11: =IF(AO11>AP11,"MALE","FEMALE") -> FEMALE | AT11: =(AH11/AB11)*100 -> 68.738574 | AU11: =(AI11/AC11)*100 -> 70.20979 | AV11: =(AJ11/AB11)*100 -> 7.678245 | AW11: =(AK11/AC11)*100 -> 7.5524476 | AX11: =(AL11/AB11)*100 -> 23.583181 | AY11: =(AM11/AC11)*100 -> 22.237762 | AZ11: =IF(AT11>(AV11+AX11),"HINDU","MINORITY") -> HINDU | BA11: =IF(AU11>(AW11+AY11),"HIND","MINORITY") -> HIND
B12: 21 | C12: 896 | D12: 222 | E12: 284 | F12: 4 | G12: 6 | H12: 0 | I12: 0 | J12: 1 | K12: 0 | L12: 517 | M12: 0 | N12: 6 | O12: =D12+E12+F12+G12+H12+I12+J12+K12+N12 -> 523 | P12: =(O12/C12)*100 -> 58.370536 | Q12: =(E12/O12)*100 -> 54.302103 | R12: =(D12/O12)*100 -> 42.447419 | S12: =(F12/O12)*100 -> 0.76481836 | T12: =(G12/O12)*100 -> 1.1472275 | U12: =((H12+I12+J12+K12)/O12)*100 -> 0.19120459 | V12: =(N12/O12)*100 -> 1.1472275 | W12: =Q12-R12 -> 11.854685 | X12: =Q12-(R12+S12+T12+U12) -> 9.751434 | Y12: =IF(AND(W12<0,W12<=1),"LOST",IF(AND(W12>1,W12<=10),"NARROW",IF(AND(W12>10,W12<=40),"MEDIUM",IF(AND(W12>40,W12<=90),"STRONG","")))) -> MEDIUM | Z12: =IF(AND(P12<0,P12<=10),"WEAK",IF(AND(P12>10,P12<20),"BELOW AVG",IF(AND(P12>20,P12<=60),"MEDIUM",IF(AND(P12>60,P12<=90),"STRONG","")))) -> MEDIUM | AA12: =IF(Q12>R12,"BJP","CONGRESS") -> BJP | AB12: 888 | AC12: 519 | AD12: 423 | AE12: 240 | AF12: 464 | AG12: 279 | AH12: 560 | AI12: 329 | AJ12: 35 | AK12: 22 | AL12: 293 | AM12: 168 | AN12: =(AD12/AB12)*100 -> 47.635135 | AO12: =(AE12/AC12)*100 -> 46.242775 | AP12: =(AF12/AB12)*100 -> 52.252252 | AQ12: =(AG12/AC12)*100 -> 53.757225 | AR12: =IF(AN12>AP12,"MALE DOM","FEMALE DOM") -> FEMALE DOM | AS12: =IF(AO12>AP12,"MALE","FEMALE") -> FEMALE | AT12: =(AH12/AB12)*100 -> 63.063063 | AU12: =(AI12/AC12)*100 -> 63.391137 | AV12: =(AJ12/AB12)*100 -> 3.9414414 | AW12: =(AK12/AC12)*100 -> 4.238921 | AX12: =(AL12/AB12)*100 -> 32.995495 | AY12: =(AM12/AC12)*100 -> 32.369942 | AZ12: =IF(AT12>(AV12+AX12),"HINDU","MINORITY") -> HINDU | BA12: =IF(AU12>(AW12+AY12),"HIND","MINORITY") -> HIND
B13: 20 | C13: 1386 | D13: 325 | E13: 439 | F13: 5 | G13: 1 | H13: 0 | I13: 0 | J13: 3 | K13: 1 | L13: 774 | M13: 0 | N13: 8 | O13: =D13+E13+F13+G13+H13+I13+J13+K13+N13 -> 782 | P13: =(O13/C13)*100 -> 56.421356 | Q13: =(E13/O13)*100 -> 56.138107 | R13: =(D13/O13)*100 -> 41.560102 | S13: =(F13/O13)*100 -> 0.63938619 | T13: =(G13/O13)*100 -> 0.12787724 | U13: =((H13+I13+J13+K13)/O13)*100 -> 0.51150895 | V13: =(N13/O13)*100 -> 1.0230179 | W13: =Q13-R13 -> 14.578005 | X13: =Q13-(R13+S13+T13+U13) -> 13.299233 | Y13: =IF(AND(W13<0,W13<=1),"LOST",IF(AND(W13>1,W13<=10),"NARROW",IF(AND(W13>10,W13<=40),"MEDIUM",IF(AND(W13>40,W13<=90),"STRONG","")))) -> MEDIUM | Z13: =IF(AND(P13<0,P13<=10),"WEAK",IF(AND(P13>10,P13<20),"BELOW AVG",IF(AND(P13>20,P13<=60),"MEDIUM",IF(AND(P13>60,P13<=90),"STRONG","")))) -> MEDIUM | AA13: =IF(Q13>R13,"BJP","CONGRESS") -> BJP | AB13: 1373 | AC13: 763 | AD13: 676 | AE13: 359 | AF13: 697 | AG13: 404 | AH13: 861 | AI13: 506 | AJ13: 177 | AK13: 94 | AL13: 335 | AM13: 163 | AN13: =(AD13/AB13)*100 -> 49.235251 | AO13: =(AE13/AC13)*100 -> 47.051114 | AP13: =(AF13/AB13)*100 -> 50.764749 | AQ13: =(AG13/AC13)*100 -> 52.948886 | AR13: =IF(AN13>AP13,"MALE DOM","FEMALE DOM") -> FEMALE DOM | AS13: =IF(AO13>AP13,"MALE","FEMALE") -> FEMALE | AT13: =(AH13/AB13)*100 -> 62.709395 | AU13: =(AI13/AC13)*100 -> 66.317169 | AV13: =(AJ13/AB13)*100 -> 12.891479 | AW13: =(AK13/AC13)*100 -> 12.31979 | AX13: =(AL13/AB13)*100 -> 24.399126 | AY13: =(AM13/AC13)*100 -> 21.363041 | AZ13: =IF(AT13>(AV13+AX13),"HINDU","MINORITY") -> HINDU | BA13: =IF(AU13>(AW13+AY13),"HIND","MINORITY") -> HIND
C14: =SUM(C7:C13) -> 7216 | D14: =SUM(D7:D13) -> 1690 | E14: =SUM(E7:E13) -> 2652 | F14: =SUM(F7:F13) -> 14 | G14: =SUM(G7:G13) -> 21 | H14: =SUM(H7:H13) -> 2 | I14: =SUM(I7:I13) -> 4 | J14: =SUM(J7:J13) -> 7 | ... O14: =SUM(O7:O13) -> 4438 | P14: =AVERAGE(P7:P13) -> 61.485767 | Q14: =AVERAGE(Q7:Q13) -> 59.443549 | R14: =AVERAGE(R7:R13) -> 38.332038 | S14: =AVERAGE(S7:S13) -> 0.33281667 | T14: =AVERAGE(T7:T13) -> 0.52100085 | U14: =AVERAGE(U7:U13) -> 0.36759368 | V14: =AVERAGE(V7:V13) -> 1.0030016 | W14: =AVERAGE(W7:W13) -> 21.111511 | X14: =AVERAGE(X7:X13) -> 19.890099 | Y14: =IF(AND(W14<0,W14<=1),"LOST",IF(AND(W14>1,W14<=10),"NARROW",IF(AND(W14>10,W14<=40),"MEDIUM",IF(AND(W14>40,W14<=90),"STRONG","")))) -> MEDIUM | Z14: =IF(AND(P14<0,P14<=10),"WEAK",IF(AND(P14>10,P14<20),"BELOW AVG",IF(AND(P14>20,P14<=60),"MEDIUM",IF(AND(P14>60,P14<=90),"STRONG","")))) -> STRONG | AA14: =IF(Q14>R14,"BJP","CONGRESS") -> BJP | AB14: =SUM(AB7:AB13) -> 7165 | AC14: =SUM(AC7:AC13) -> 4290 | AD14: =SUM(AD7:AD13) -> 3445 | AE14: =SUM(AE7:AE13) -> 2032 | AF14: =SUM(AF7:AF13) -> 3719 | AG14: =SUM(AG7:AG13) -> 2258 | AH14: =SUM(AH7:AH13) -> 4916 | AI14: =SUM(AI7:AI13) -> 3055 | ... AM14: =SUM(AM7:AM13) -> 1043 | AN14: =(AD14/AB14)*100 -> 48.080949 | AO14: =(AE14/AC14)*100 -> 47.365967 | AP14: =(AF14/AB14)*100 -> 51.905094 | AQ14: =AVERAGE(AQ7:AQ13) -> 52.758279 | AR14: =IF(AN14>AP14,"MALE DOM","FEMALE DOM") -> FEMALE DOM | AS14: =IF(AO14>AP14,"MALE","FEMALE") -> FEMALE | AT14: =(AH14/AB14)*100 -> 68.611305 | AU14: =(AI14/AC14)*100 -> 71.212121 | AV14: =(AJ14/AB14)*100 -> 4.6894627 | AW14: =(AK14/AC14)*100 -> 4.4755245 | AX14: =(AL14/AB14)*100 -> 26.699232 | AY14: =(AM14/AC14)*100 -> 24.312354 | AZ14: =IF(AT14>(AV14+AX14),"HINDU","MINORITY") -> HINDU | BA14: =IF(AU14>(AW14+AY14),"HIND","MINORITY") -> HIND
E17: TOTAL BOOTH 7 | J17: BOOTH WISE CATEGORIZATION | O17: COMPARITIVE ANALYSIS
E19: BJP WON | H19: =COUNTIF(AA7:AA13,"BJP") -> 7 | J19: NARROW | M19: =COUNTIF(Y7:Y13,"NARROW") -> 0 | O19: BJP %(2018) | R19: ='BEJAI-18'!E8 -> 54.047838 | S19: BJP%(2023) | V19: =Q14 -> 59.443549
J21: MEDIUM | M21: =COUNTIF(Y7:Y13,"MEDIUM") -> 7 | O21: CONGRESS %(2018) | R21: ='BEJAI-18'!G8 -> 41.635135 | S21: CONGRESS%(2023) | V21: =R14 -> 38.332038
E22: CONGRESS WON | H22: =COUNTIF(AA7:AA13,"CONGRESS") -> 0
J23: STRONG | M23: =COUNTIF(Y7:Y13,"STRONG") -> 0 | O23: TOTAL POLLED (2018) | R23: ='BEJAI-18'!C8 -> 4460 | S23: TOTAL POLLED (2023) | V23: =O14 -> 4438
J25: LOST | M25: =COUNTIF(Y7:Y13,"LOST") -> 0 | O25: TOTAL GAIN/LOSS | R25: =R19-R21 -> 12.412702 | S25: TOTAL GAIN/LOSS | V25: =V19-V21 -> 21.111511
O27: BJP%(18/23) | R27: =V19-R19 -> 5.3957112
O29: CONGRESS%(18/23) | R29: =V21-R21 -> -3.303097
O31: INCREASE/DECREASE | R31: =IF(R27>R29,"INCREASE","DECREASE") -> INCREASE
O33: ONE BOOTH HAS BEEN ADDED IN 2023

Sheet BEJAI-18
A1: BOOTH NO | B1: PS ADDRESS | C1: TOTAL POLLED | D1: BJP | E1: BJP % | F1: INC | G1: INC % | H1: JDS | I1: JDS % | J1: CPI | K1: CPI% | L1: MALE VOTERS | M1: FEMALE VOTERS | N1: TOTAL VOTERS | O1: TOTAL POLLED | P1: PERCENTAGE POLLING | Q1: HINDU | R1: HINDU PERCENTAGE IN THE CONSTITUENCY | S1: HINDU NOT POLLED | T1: % of HINDU NON VOTERS | U1: HINDU POLLED | V1: % OF HINDU VOTERS | W1: others | X1: OTHERS % | Y1: others NOT POLLED | Z1: % OF OTHERS NOT POLLED | AA1: others polled | AB1: % | AD1: BOOTH STATUS(POOLING) | AE1: HINDU POPULATION STATUS | AF1: OTHERS POPULATION STATUS | AG1: GENDER RATIO | AH1: ratio of comparision non voters | AI1: VOTE TRANSITION | AJ1: WIN STATUS
A2: 14 | B2: Dakshina Kannada Zilla Panchayath Higher Priamary School, Bejai, Kapikad (first room) | C2: 921 | D2: 517 | E2: =(D2/C2)*100 -> 56.134636 | F2: 366 | G2: =(F2/C2)*100 -> 39.739414 | H2: 2 | I2: =(H2/C2)*100 -> 0.21715527 | J2: 5 | K2: =(J2/C2)*100 -> 0.54288817 | L2: 662 | M2: 740 | N2: =L2+M2 -> 1402 | O2: 921 | P2: =O2/N2*100 -> 65.691869 | Q2: 1004 | R2: =(Q2/N2)*100 -> 71.611983 | S2: =Q2-U2 -> 856 | T2: =(S2/Q2)*100 -> 85.258964 | U2: 148 | V2: =IFERROR(U2/Q2*100,0) -> 14.741036 | W2: 398 | X2: =100-R2 -> 28.388017 | Y2: =W2-AA2 -> 327 | Z2: =(Y2/W2)*100 -> 82.160804 | AA2: 71 | AB2: =IFERROR(AA2/W2*100,0) -> 17.839196 | AC2: =U2+AA2 -> 219 | AD2: =IF(P2>80,"EXCELLENT",IF(P2>70,"STRONG",IF(P2>60,"AVG",IF(P2>50,"WEAK",IF(P2<50,"VLOW"))))) -> AVG | AE2: =IF(R2>80,"EXCELLENT",IF(R2>70,"STRONG",IF(R2>60,"AVG",IF(R2>50,"WEAK",IF(R2<50,"VLOW"))))) -> STRONG | AF2: =IF(X2>80,"EXCELLENT",IF(X2>70,"STRONG",IF(X2>60,"AVG",IF(X2>50,"WEAK",IF(X2<50,"VLOW"))))) -> VLOW | AG2: =IF(M2>L2,"FEMALE DOM","MEN") -> FEMALE DOM | AH2: =IF(T2>Z2,"H","O") -> H | AI2: =E2-G2 -> 16.395223 | AJ2: =IF(E2>G2,"BJP GAIN","CONGRESSGAIN") -> BJP GAIN
A3: 16 | B3: Dakshina Kannada Zilla Panchayath Higher Primary School, Kapikad (2nd Room of South wing) | C3: 676 | D3: 339 | E3: =(D3/C3)*100 -> 50.147929 | F3: 307 | G3: =(F3/C3)*100 -> 45.414201 | H3: 0 | I3: =(H3/C3)*100 -> 0 | J3: 5 | K3: =(J3/C3)*100 -> 0.73964497 | L3: 480 | M3: 514 | N3: =L3+M3 -> 994 | O3: 676 | P3: =O3/N3*100 -> 68.008048 | Q3: 621 | R3: =(Q3/N3)*100 -> 62.474849 | S3: =Q3-U3 -> 170 | T3: =(S3/Q3)*100 -> 27.375201 | U3: 451 | V3: =IFERROR(U3/Q3*100,0) -> 72.624799 | W3: 373 | X3: =100-R3 -> 37.525151 | Y3: =W3-AA3 -> 148 | Z3: =(Y3/W3)*100 -> 39.678284 | AA3: 225 | AB3: =IFERROR(AA3/W3*100,0) -> 60.321716 | AC3: =U3+AA3 -> 676 | AD3: =IF(P3>80,"EXCELLENT",IF(P3>70,"STRONG",IF(P3>60,"AVG",IF(P3>50,"WEAK",IF(P3<50,"VLOW"))))) -> AVG | AE3: =IF(R3>80,"EXCELLENT",IF(R3>70,"STRONG",IF(R3>60,"AVG",IF(R3>50,"WEAK",IF(R3<50,"VLOW"))))) -> AVG | AF3: =IF(X3>80,"EXCELLENT",IF(X3>70,"STRONG",IF(X3>60,"AVG",IF(X3>50,"WEAK",IF(X3<50,"VLOW"))))) -> VLOW | AG3: =IF(M3>L3,"FEMALE DOM","MEN") -> FEMALE DOM | AH3: =IF(T3>Z3,"H","O") -> O | AI3: =E3-G3 -> 4.7337278 | AJ3: =IF(E3>G3,"BJP GAIN","CONGRESSGAIN") -> BJP GAIN
A4: 17 | B4: Dakshina Kannada Zilla Panchayath Higher Primary School, Kapikad (First Room of East Building) | C4: 814 | D4: 484 | E4: =(D4/C4)*100 -> 59.459459 | F4: 297 | G4: =(F4/C4)*100 -> 36.486486 | H4: 5 | I4: =(H4/C4)*100 -> 0.61425061 | J4: 2 | K4: =(J4/C4)*100 -> 0.24570025 | L4: 545 | M4: 593 | N4: =L4+M4 -> 1138 | O4: 814 | P4: =O4/N4*100 -> 71.528998 | Q4: 911 | R4: =(Q4/N4)*100 -> 80.052724 | S4: =Q4-U4 -> 331 | T4: =(S4/Q4)*100 -> 36.333699 | U4: 580 | V4: =IFERROR(U4/Q4*100,0) -> 63.666301 | W4: 270 | X4: =100-R4 -> 19.947276 | Y4: =W4-AA4 -> 40 | Z4: =(Y4/W4)*100 -> 14.814815 | AA4: 230 | AB4: =IFERROR(AA4/W4*100,0) -> 85.185185 | AC4: =U4+AA4 -> 810 | AD4: =IF(P4>80,"EXCELLENT",IF(P4>70,"STRONG",IF(P4>60,"AVG",IF(P4>50,"WEAK",IF(P4<50,"VLOW"))))) -> STRONG | AE4: =IF(R4>80,"EXCELLENT",IF(R4>70,"STRONG",IF(R4>60,"AVG",IF(R4>50,"WEAK",IF(R4<50,"VLOW"))))) -> EXCELLENT | AF4: =IF(X4>80,"EXCELLENT",IF(X4>70,"STRONG",IF(X4>60,"AVG",IF(X4>50,"WEAK",IF(X4<50,"VLOW"))))) -> VLOW | AG4: =IF(M4>L4,"FEMALE DOM","MEN") -> FEMALE DOM | AH4: =IF(T4>Z4,"H","O") -> H | AI4: =E4-G4 -> 22.972973 | AJ4: =IF(E4>G4,"BJP GAIN","CONGRESSGAIN") -> BJP GAIN
A5: 18 | B5: St Francis Xavier Higher Primary School, Bejai (South Wing of South Building) | C5: 765 | D5: 406 | E5: =(D5/C5)*100 -> 53.071895 | F5: 338 | G5: =(F5/C5)*100 -> 44.183007 | H5: 2 | I5: =(H5/C5)*100 -> 0.26143791 | J5: 1 | K5: =(J5/C5)*100 -> 0.13071895 | L5: 668 | M5: 664 | N5: =L5+M5 -> 1332 | O5: 765 | P5: =O5/N5*100 -> 57.432432 | Q5: 848 | R5: =(Q5/N5)*100 -> 63.663664 | S5: =Q5-U5 -> 347 | T5: =(S5/Q5)*100 -> 40.919811 | U5: 501 | V5: =IFERROR(U5/Q5*100,0) -> 59.080189 | W5: =155+329 -> 484 | X5: =100-R5 -> 36.336336 | Y5: =W5-AA5 -> 225 | Z5: =(Y5/W5)*100 -> 46.487603 | AA5: =79+180 -> 259 | AB5: =IFERROR(AA5/W5*100,0) -> 53.512397 | AC5: =U5+AA5 -> 760 | AD5: =IF(P5>80,"EXCELLENT",IF(P5>70,"STRONG",IF(P5>60,"AVG",IF(P5>50,"WEAK",IF(P5<50,"VLOW"))))) -> WEAK | AE5: =IF(R5>80,"EXCELLENT",IF(R5>70,"STRONG",IF(R5>60,"AVG",IF(R5>50,"WEAK",IF(R5<50,"VLOW"))))) -> AVG | AF5: =IF(X5>80,"EXCELLENT",IF(X5>70,"STRONG",IF(X5>60,"AVG",IF(X5>50,"WEAK",IF(X5<50,"VLOW"))))) -> VLOW | AG5: =IF(M5>L5,"FEMALE DOM","MEN") -> MEN | AH5: =IF(T5>Z5,"H","O") -> O | AI5: =E5-G5 -> 8.8888889 | AJ5: =IF(E5>G5,"BJP GAIN","CONGRESSGAIN") -> BJP GAIN
A6: 19 | B6: St Francis Xaiver Higher Primary School, Bejai (North Wing of South Building) | C6: 517 | D6: 275 | E6: =(D6/C6)*100 -> 53.191489 | F6: 232 | G6: =(F6/C6)*100 -> 44.874275 | H6: 0 | I6: =(H6/C6)*100 -> 0 | J6: 1 | K6: =(J6/C6)*100 -> 0.1934236 | L6: 384 | M6: 423 | N6: =L6+M6 -> 807 | O6: 517 | P6: =O6/N6*100 -> 64.064436 | Q6: 530 | R6: =(Q6/N6)*100 -> 65.675341 | S6: =Q6-U6 -> 187 | T6: =(S6/Q6)*100 -> 35.283019 | U6: 343 | V6: =IFERROR(U6/Q6*100,0) -> 64.716981 | W6: =5+282 -> 287 | X6: =100-R6 -> 34.324659 | Y6: =W6-AA6 -> 113 | Z6: =(Y6/W6)*100 -> 39.372822 | AA6: =17+157 -> 174 | AB6: =IFERROR(AA6/W6*100,0) -> 60.627178 | AC6: =U6+AA6 -> 517 | AD6: =IF(P6>80,"EXCELLENT",IF(P6>70,"STRONG",IF(P6>60,"AVG",IF(P6>50,"WEAK",IF(P6<50,"VLOW"))))) -> AVG | AE6: =IF(R6>80,"EXCELLENT",IF(R6>70,"STRONG",IF(R6>60,"AVG",IF(R6>50,"WEAK",IF(R6<50,"VLOW"))))) -> AVG | AF6: =IF(X6>80,"EXCELLENT",IF(X6>70,"STRONG",IF(X6>60,"AVG",IF(X6>50,"WEAK",IF(X6<50,"VLOW"))))) -> VLOW | AG6: =IF(M6>L6,"FEMALE DOM","MEN") -> FEMALE DOM | AH6: =IF(T6>Z6,"H","O") -> O | AI6: =E6-G6 -> 8.3172147 | AJ6: =IF(E6>G6,"BJP GAIN","CONGRESSGAIN") -> BJP GAIN
A7: 21 | B7: Lourds High School, Bejai (East Wing) | C7: 767 | D7: 401 | E7: =(D7/C7)*100 -> 52.281617 | F7: 300 | G7: =(F7/C7)*100 -> 39.113429 | H7: 2 | I7: =(H7/C7)*100 -> 0.26075619 | J7: 0 | K7: =(J7/C7)*100 -> 0 | L7: 583 | M7: 598 | N7: =L7+M7 -> 1181 | O7: 767 | P7: =O7/N7*100 -> 64.944962 | Q7: 911 | R7: =(Q7/N7)*100 -> 77.138019 | S7: =Q7-U7 -> 446 | T7: =(S7/Q7)*100 -> 48.95719 | U7: 465 | V7: =IFERROR(U7/Q7*100,0) -> 51.04281 | W7: =24+246 -> 270 | X7: =100-R7 -> 22.861981 | Y7: =W7-AA7 -> 110 | Z7: =(Y7/W7)*100 -> 40.740741 | AA7: =10+150 -> 160 | AB7: =IFERROR(AA7/W7*100,0) -> 59.259259 | AC7: =U7+AA7 -> 625 | AD7: =IF(P7>80,"EXCELLENT",IF(P7>70,"STRONG",IF(P7>60,"AVG",IF(P7>50,"WEAK",IF(P7<50,"VLOW"))))) -> AVG | AE7: =IF(R7>80,"EXCELLENT",IF(R7>70,"STRONG",IF(R7>60,"AVG",IF(R7>50,"WEAK",IF(R7<50,"VLOW"))))) -> STRONG | AF7: =IF(X7>80,"EXCELLENT",IF(X7>70,"STRONG",IF(X7>60,"AVG",IF(X7>50,"WEAK",IF(X7<50,"VLOW"))))) -> VLOW | AG7: =IF(M7>L7,"FEMALE DOM","MEN") -> FEMALE DOM | AH7: =IF(T7>Z7,"H","O") -> H | AI7: =E7-G7 -> 13.168188 | AJ7: =IF(E7>G7,"BJP GAIN","CONGRESSGAIN") -> BJP GAIN
C8: =SUM(C2:C7) -> 4460 | D8: =SUM(D2:D7) -> 2422 | E8: =AVERAGE(E2:E7) -> 54.047838 | F8: =SUM(F2:F7) -> 1840 | G8: =AVERAGE(G2:G7) -> 41.635135 | H8: =SUM(H2:H7) -> 11 | I8: =AVERAGE(I2:I7) -> 0.2256 | J8: =SUM(J2:J7) -> 14 | K8: =AVERAGE(K2:K7) -> 0.30872932 | AI8: =E8-G8 -> 12.412702 | AJ8: =IF(E8>G8,"BJP GAIN","CONGRESSGAIN") -> BJP GAIN

Sheet BENDUR
A1: WARD NAME | B1: BOOTH | C1: TOTAL VOTERS | D1: No of Valid Votes Cast in favor of | L1: Total of Valid Votes | M1: No.Of Rejected votes | N1: NOTA | O1: Total | P1: TOTAL POLLING % | Q1: BJP% | R1: CONGRESS % | S1: JDS % | T1: AAP% | U1: TOTAL INDEPENDENT % | V1: NOTA% | W1: BJP V/S CONG | X1: BJP V/S OP | Y1: BOOTH CATEGORIZATION | Z1: POLLING BOOTH STATS | AA1: BJP/CONGRESS | AB1: Electors Total | AC1: Electors Polled | AD1: Male Total | AE1: Male Polled | AF1: Female Total | AG1: Female Polled | AH1: Hindus Total | AI1: Hindus Polled | AJ1: Muslims Total | AK1: Muslims Polled | AL1: Christians Total | AM1: Christian polled | AN1: MALE % | AO1: TOTAL MALE POLLED% | AP1: FEMALE % | AQ1: TOTAL FEMALE POLLED % | AR1: GENDER STATS | AS1: MEN POLLING V/S FEMALE POLLING | AT1: TOTAL HINDU% | AU1: TOTAL HINDU POLLED % | AV1: TOTAL MUSLIM % | AW1: TOTAL MUSLIM POLLED % | AX1: TOTAL CHRISTIAN % | AY1: TOTAL CHRISTIAN POLLED % | AZ1: MAJORITY VS MINORITY | BA1: POLLING MAJORITY VS MINORITY
D3: J.R.LOBO | E3: D.VEDAVYASA KAMATH | F3: S | G3: K.SANTHOSH KAMATH | H3: DHARMENDRA | I3: WINNY PINTO | J3: S | K3: K.S.PAI
A7: BENDOOR | B7: 162 | C7: 1088 | D7: 431 | E7: 118 | F7: 7 | G7: 1 | H7: 0 | I7: 0 | J7: 0 | K7: 0 | L7: 557 | M7: 0 | N7: 4 | O7: =D7+E7+F7+G7+H7+I7+J7+K7+N7 -> 561 | P7: =(O7/C7)*100 -> 51.5625 | Q7: =(E7/O7)*100 -> 21.033868 | R7: =(D7/O7)*100 -> 76.827094 | S7: =(F7/O7)*100 -> 1.2477718 | T7: =(G7/O7)*100 -> 0.17825312 | U7: =((H7+I7+J7+K7)/O7)*100 -> 0 | V7: =(N7/O7)*100 -> 0.71301248 | W7: =Q7-R7 -> -55.793226 | X7: =Q7-(R7+S7+T7+U7) -> -57.219251 | Y7: =IF(AND(W7<0,W7<=1),"LOST",IF(AND(W7>1,W7<=10),"NARROW",IF(AND(W7>10,W7<=40),"MEDIUM",IF(AND(W7>40,W7<=90),"STRONG","")))) -> LOST | Z7: =IF(AND(P7<0,P7<=10),"WEAK",IF(AND(P7>10,P7<20),"BELOW AVG",IF(AND(P7>20,P7<=60),"MEDIUM",IF(AND(P7>60,P7<=90),"STRONG","")))) -> MEDIUM | AA7: =IF(Q7>R7,"BJP","CONGRESS") -> CONGRESS | AB7: 1076 | AC7: 553 | AD7: 492 | AE7: 240 | AF7: 584 | AG7: 313 | AH7: 225 | AI7: 135 | AJ7: 497 | AK7: 252 | AL7: 354 | AM7: 166 | AN7: =(AD7/AB7)*100 -> 45.724907 | AO7: =(AE7/AC7)*100 -> 43.399638 | AP7: =(AF7/AB7)*100 -> 54.275093 | AQ7: =(AG7/AC7)*100 -> 56.600362 | AR7: =IF(AN7>AP7,"MALE DOM","FEMALE DOM") -> FEMALE DOM | AS7: =IF(AO7>AP7,"MALE","FEMALE") -> FEMALE | AT7: =(AH7/AB7)*100 -> 20.910781 | AU7: =(AI7/AC7)*100 -> 24.412297 | AV7: =(AJ7/AB7)*100 -> 46.189591 | AW7: =(AK7/AC7)*100 -> 45.56962 | AX7: =(AL7/AB7)*100 -> 32.899628 | AY7: =(AM7/AC7)*100 -> 30.018083 | AZ7: =IF(AT7>(AV7+AX7),"HINDU","MINORITY") -> MINORITY | BA7: =IF(AU7>(AW7+AY7),"HIND","MINORITY") -> MINORITY
B8: 163 | C8: 1123 | D8: 492 | E8: 151 | F8: 5 | G8: 5 | H8: 0 | I8: 0 | J8: 0 | K8: 0 | L8: 653 | M8: 0 | N8: 5 | O8: =D8+E8+F8+G8+H8+I8+J8+K8+N8 -> 658 | P8: =(O8/C8)*100 -> 58.593054 | Q8: =(E8/O8)*100 -> 22.948328 | R8: =(D8/O8)*100 -> 74.772036 | S8: =(F8/O8)*100 -> 0.75987842 | T8: =(G8/O8)*100 -> 0.75987842 | U8: =((H8+I8+J8+K8)/O8)*100 -> 0 | V8: =(N8/O8)*100 -> 0.75987842 | W8: =Q8-R8 -> -51.823708 | X8: =Q8-(R8+S8+T8+U8) -> -53.343465 | Y8: =IF(AND(W8<0,W8<=1),"LOST",IF(AND(W8>1,W8<=10),"NARROW",IF(AND(W8>10,W8<=40),"MEDIUM",IF(AND(W8>40,W8<=90),"STRONG","")))) -> LOST | Z8: =IF(AND(P8<0,P8<=10),"WEAK",IF(AND(P8>10,P8<20),"BELOW AVG",IF(AND(P8>20,P8<=60),"MEDIUM",IF(AND(P8>60,P8<=90),"STRONG","")))) -> MEDIUM | AA8: =IF(Q8>R8,"BJP","CONGRESS") -> CONGRESS | AB8: 1112 | AC8: 544 | AD8: 512 | AE8: 254 | AF8: 600 | AG8: 290 | AH8: 235 | AI8: 130 | AJ8: 484 | AK8: 198 | AL8: 393 | AM8: 216 | AN8: =(AD8/AB8)*100 -> 46.043165 | AO8: =(AE8/AC8)*100 -> 46.691176 | AP8: =(AF8/AB8)*100 -> 53.956835 | AQ8: =(AG8/AC8)*100 -> 53.308824 | AR8: =IF(AN8>AP8,"MALE DOM","FEMALE DOM") -> FEMALE DOM | AS8: =IF(AO8>AP8,"MALE","FEMALE") -> FEMALE | AT8: =(AH8/AB8)*100 -> 21.133094 | AU8: =(AI8/AC8)*100 -> 23.897059 | AV8: =(AJ8/AB8)*100 -> 43.52518 | AW8: =(AK8/AC8)*100 -> 36.397059 | AX8: =(AL8/AB8)*100 -> 35.341727 | AY8: =(AM8/AC8)*100 -> 39.705882 | AZ8: =IF(AT8>(AV8+AX8),"HINDU","MINORITY") -> MINORITY | BA8: =IF(AU8>(AW8+AY8),"HIND","MINORITY") -> MINORITY
B9: 134 | C9: 809 | D9: 329 | E9: 190 | F9: 0 | G9: 3 | H9: 0 | I9: 2 | J9: 0 | K9: 0 | L9: 524 | M9: 0 | N9: 4 | O9: =D9+E9+F9+G9+H9+I9+J9+K9+N9 -> 528 | P9: =(O9/C9)*100 -> 65.26576 | Q9: =(E9/O9)*100 -> 35.984848 | R9: =(D9/O9)*100 -> 62.310606 | S9: =(F9/O9)*100 -> 0 | T9: =(G9/O9)*100 -> 0.56818182 | U9: =((H9+I9+J9+K9)/O9)*100 -> 0.37878788 | V9: =(N9/O9)*100 -> 0.75757576 | W9: =Q9-R9 -> -26.325758 | X9: =Q9-(R9+S9+T9+U9) -> -27.272727 | Y9: =IF(AND(W9<0,W9<=1),"LOST",IF(AND(W9>1,W9<=10),"NARROW",IF(AND(W9>10,W9<=40),"MEDIUM",IF(AND(W9>40,W9<=90),"STRONG","")))) -> LOST | Z9: =IF(AND(P9<0,P9<=10),"WEAK",IF(AND(P9>10,P9<20),"BELOW AVG",IF(AND(P9>20,P9<=60),"MEDIUM",IF(AND(P9>60,P9<=90),"STRONG","")))) -> STRONG | AA9: =IF(Q9>R9,"BJP","CONGRESS") -> CONGRESS | AB9: 805 | AC9: 523 | AD9: 365 | AE9: 236 | AF9: 440 | AG9: 287 | AH9: 329 | AI9: 224 | AJ9: 117 | AK9: 59 | AL9: 359 | AM9: 240 | AN9: =(AD9/AB9)*100 -> 45.341615 | AO9: =(AE9/AC9)*100 -> 45.124283 | AP9: =(AF9/AB9)*100 -> 54.658385 | AQ9: =(AG9/AC9)*100 -> 54.875717 | AR9: =IF(AN9>AP9,"MALE DOM","FEMALE DOM") -> FEMALE DOM | AS9: =IF(AO9>AP9,"MALE","FEMALE") -> FEMALE | AT9: =(AH9/AB9)*100 -> 40.869565 | AU9: =(AI9/AC9)*100 -> 42.829828 | AV9: =(AJ9/AB9)*100 -> 14.534161 | AW9: =(AK9/AC9)*100 -> 11.281071 | AX9: =(AL9/AB9)*100 -> 44.596273 | AY9: =(AM9/AC9)*100 -> 45.889101 | AZ9: =IF(AT9>(AV9+AX9),"HINDU","MINORITY") -> MINORITY | BA9: =IF(AU9>(AW9+AY9),"HIND","MINORITY") -> MINORITY
B10: 136 | C10: 1154 | D10: 383 | E10: 262 | F10: 0 | G10: 5 | H10: 0 | I10: 0 | J10: 0 | K10: 1 | L10: 651 | M10: 0 | N10: 4 | O10: =D10+E10+F10+G10+H10+I10+J10+K10+N10 -> 655 | P10: =(O10/C10)*100 -> 56.759099 | Q10: =(E10/O10)*100 -> 40 | R10: =(D10/O10)*100 -> 58.473282 | S10: =(F10/O10)*100 -> 0 | T10: =(G10/O10)*100 -> 0.76335878 | U10: =((H10+I10+J10+K10)/O10)*100 -> 0.15267176 | V10: =(N10/O10)*100 -> 0.61068702 | W10: =Q10-R10 -> -18.473282 | X10: =Q10-(R10+S10+T10+U10) -> -19.389313 | Y10: =IF(AND(W10<0,W10<=1),"LOST",IF(AND(W10>1,W10<=10),"NARROW",IF(AND(W10>10,W10<=40),"MEDIUM",IF(AND(W10>40,W10<=90),"STRONG","")))) -> LOST | Z10: =IF(AND(P10<0,P10<=10),"WEAK",IF(AND(P10>10,P10<20),"BELOW AVG",IF(AND(P10>20,P10<=60),"MEDIUM",IF(AND(P10>60,P10<=90),"STRONG","")))) -> MEDIUM | AA10: =IF(Q10>R10,"BJP","CONGRESS") -> CONGRESS | AB10: 1149 | AC10: 640 | AD10: 523 | AE10: 307 | AF10: 626 | AG10: 333 | AH10: 535 | AI10: 318 | AJ10: 77 | AK10: 48 | AL10: 537 | AM10: 274 | AN10: =(AD10/AB10)*100 -> 45.517842 | AO10: =(AE10/AC10)*100 -> 47.96875 | AP10: =(AF10/AB10)*100 -> 54.482158 | AQ10: =(AG10/AC10)*100 -> 52.03125 | AR10: =IF(AN10>AP10,"MALE DOM","FEMALE DOM") -> FEMALE DOM | AS10: =IF(AO10>AP10,"MALE","FEMALE") -> FEMALE | AT10: =(AH10/AB10)*100 -> 46.562228 | AU10: =(AI10/AC10)*100 -> 49.6875 | AV10: =(AJ10/AB10)*100 -> 6.7014795 | AW10: =(AK10/AC10)*100 -> 7.5 | AX10: =(AL10/AB10)*100 -> 46.736292 | AY10: =(AM10/AC10)*100 -> 42.8125 | AZ10: =IF(AT10>(AV10+AX10),"HINDU","MINORITY") -> MINORITY | BA10: =IF(AU10>(AW10+AY10),"HIND","MINORITY") -> MINORITY
B11: 129 | C11: 922 | D11: 365 | E11: 179 | F11: 2 | G11: 2 | H11: 0 | I11: 1 | J11: 0 | K11: 0 | L11: 549 | M11: 0 | N11: 5 | O11: =D11+E11+F11+G11+H11+I11+J11+K11+N11 -> 554 | P11: =(O11/C11)*100 -> 60.086768 | Q11: =(E11/O11)*100 -> 32.310469 | R11: =(D11/O11)*100 -> 65.884477 | S11: =(F11/O11)*100 -> 0.36101083 | T11: =(G11/O11)*100 -> 0.36101083 | U11: =((H11+I11+J11+K11)/O11)*100 -> 0.18050542 | V11: =(N11/O11)*100 -> 0.90252708 | W11: =Q11-R11 -> -33.574007 | X11: =Q11-(R11+S11+T11+U11) -> -34.476534 | Y11: =IF(AND(W11<0,W11<=1),"LOST",IF(AND(W11>1,W11<=10),"NARROW",IF(AND(W11>10,W11<=40),"MEDIUM",IF(AND(W11>40,W11<=90),"STRONG","")))) -> LOST | Z11: =IF(AND(P11<0,P11<=10),"WEAK",IF(AND(P11>10,P11<20),"BELOW AVG",IF(AND(P11>20,P11<=60),"MEDIUM",IF(AND(P11>60,P11<=90),"STRONG","")))) -> STRONG | AA11: =IF(Q11>R11,"BJP","CONGRESS") -> CONGRESS | AB11: 918 | AC11: 550 | AD11: 404 | AE11: 248 | AF11: 514 | AG11: 302 | AH11: 332 | AI11: 218 | AJ11: 93 | AK11: 47 | AL11: 493 | AM11: 285 | AN11: =(AD11/AB11)*100 -> 44.008715 | AO11: =(AE11/AC11)*100 -> 45.090909 | AP11: =(AF11/AB11)*100 -> 55.991285 | AQ11: =(AG11/AC11)*100 -> 54.909091 | AR11: =IF(AN11>AP11,"MALE DOM","FEMALE DOM") -> FEMALE DOM | AS11: =IF(AO11>AP11,"MALE","FEMALE") -> FEMALE | AT11: =(AH11/AB11)*100 -> 36.165577 | AU11: =(AI11/AC11)*100 -> 39.636364 | AV11: =(AJ11/AB11)*100 -> 10.130719 | AW11: =(AK11/AC11)*100 -> 8.5454545 | AX11: =(AL11/AB11)*100 -> 53.703704 | AY11: =(AM11/AC11)*100 -> 51.818182 | AZ11: =IF(AT11>(AV11+AX11),"HINDU","MINORITY") -> MINORITY | BA11: =IF(AU11>(AW11+AY11),"HIND","MINORITY") -> MINORITY
B12: 167 | C12: 836 | D12: 306 | E12: 99 | F12: 3 | G12: 0 | H12: 0 | I12: 0 | J12: 0 | K12: 0 | L12: 408 | M12: 0 | N12: 2 | O12: =D12+E12+F12+G12+H12+I12+J12+K12+N12 -> 410 | P12: =(O12/C12)*100 -> 49.043062 | Q12: =(E12/O12)*100 -> 24.146341 | R12: =(D12/O12)*100 -> 74.634146 | S12: =(F12/O12)*100 -> 0.73170732 | T12: =(G12/O12)*100 -> 0 | U12: =((H12+I12+J12+K12)/O12)*100 -> 0 | V12: =(N12/O12)*100 -> 0.48780488 | W12: =Q12-R12 -> -50.487805 | X12: =Q12-(R12+S12+T12+U12) -> -51.219512 | Y12: =IF(AND(W12<0,W12<=1),"LOST",IF(AND(W12>1,W12<=10),"NARROW",IF(AND(W12>10,W12<=40),"MEDIUM",IF(AND(W12>40,W12<=90),"STRONG","")))) -> LOST | Z12: =IF(AND(P12<0,P12<=10),"WEAK",IF(AND(P12>10,P12<20),"BELOW AVG",IF(AND(P12>20,P12<=60),"MEDIUM",IF(AND(P12>60,P12<=90),"STRONG","")))) -> MEDIUM | AA12: =IF(Q12>R12,"BJP","CONGRESS") -> CONGRESS | AB12: 830 | AC12: 402 | AD12: 394 | AE12: 188 | AF12: 436 | AG12: 214 | AH12: 237 | AI12: 121 | AJ12: 216 | AK12: 111 | AL12: 377 | AM12: 170 | AN12: =(AD12/AB12)*100 -> 47.46988 | AO12: =(AE12/AC12)*100 -> 46.766169 | AP12: =(AF12/AB12)*100 -> 52.53012 | AQ12: =(AG12/AC12)*100 -> 53.233831 | AR12: =IF(AN12>AP12,"MALE DOM","FEMALE DOM") -> FEMALE DOM | AS12: =IF(AO12>AP12,"MALE","FEMALE") -> FEMALE | AT12: =(AH12/AB12)*100 -> 28.554217 | AU12: =(AI12/AC12)*100 -> 30.099502 | AV12: =(AJ12/AB12)*100 -> 26.024096 | AW12: =(AK12/AC12)*100 -> 27.61194 | AX12: =(AL12/AB12)*100 -> 45.421687 | AY12: =(AM12/AC12)*100 -> 42.288557 | AZ12: =IF(AT12>(AV12+AX12),"HINDU","MINORITY") -> MINORITY | BA12: =IF(AU12>(AW12+AY12),"HIND","MINORITY") -> MINORITY
C13: =SUM(C7:C12) -> 5932 | D13: =SUM(D7:D12) -> 2306 | E13: =SUM(E7:E12) -> 999 | F13: =SUM(F7:F12) -> 17 | G13: =SUM(G7:G12) -> 16 | H13: =SUM(H7:H12) -> 0 | I13: =SUM(I7:I12) -> 3 | J13: =SUM(J7:J12) -> 0 | ... O13: =SUM(O7:O12) -> 3366 | P13: =AVERAGE(P7:P12) -> 56.885041 | Q13: =AVERAGE(Q7:Q12) -> 29.403976 | R13: =AVERAGE(R7:R12) -> 68.81694 | S13: =AVERAGE(S7:S12) -> 0.51672807 | T13: =AVERAGE(T7:T12) -> 0.43844716 | U13: =AVERAGE(U7:U12) -> 0.11866084 | V13: =AVERAGE(V7:V12) -> 0.70524761 | W13: =AVERAGE(W7:W12) -> -39.412964 | X13: =AVERAGE(X7:X12) -> -40.486801 | Y13: =IF(AND(W13<0,W13<=1),"LOST",IF(AND(W13>1,W13<=10),"NARROW",IF(AND(W13>10,W13<=40),"MEDIUM",IF(AND(W13>40,W13<=90),"STRONG","")))) -> LOST | Z13: =IF(AND(P13<0,P13<=10),"WEAK",IF(AND(P13>10,P13<20),"BELOW AVG",IF(AND(P13>20,P13<=60),"MEDIUM",IF(AND(P13>60,P13<=90),"STRONG","")))) -> MEDIUM | AA13: =IF(Q13>R13,"BJP","CONGRESS") -> CONGRESS | AB13: =SUM(AB7:AB12) -> 5890 | AC13: =SUM(AC7:AC12) -> 3212 | AD13: =SUM(AD7:AD12) -> 2690 | AE13: =SUM(AE7:AE12) -> 1473 | AF13: =SUM(AF7:AF12) -> 3200 | AG13: =SUM(AG7:AG12) -> 1739 | AH13: =SUM(AH7:AH12) -> 1893 | AI13: =SUM(AI7:AI12) -> 1146 | ... AM13: =SUM(AM7:AM12) -> 1351 | AN13: =AVERAGE(AN7:AN12) -> 45.684354 | AO13: =AVERAGE(AO7:AO12) -> 45.840154 | AP13: =AVERAGE(AP7:AP12) -> 54.315646 | AQ13: =AVERAGE(AQ7:AQ12) -> 54.159846 | AR13: =IF(AN13>AP13,"MALE DOM","FEMALE DOM") -> FEMALE DOM | AS13: =IF(AO13>AP13,"MALE","FEMALE") -> FEMALE | AT13: =(AH13/AB13)*100 -> 32.139219 | AU13: =(AI13/AC13)*100 -> 35.678705 | AV13: =(AJ13/AB13)*100 -> 25.195246 | AW13: =(AK13/AC13)*100 -> 22.260274 | AX13: =(AL13/AB13)*100 -> 42.665535 | AY13: =(AM13/AC13)*100 -> 42.061021 | AZ13: =IF(AT13>(AV13+AX13),"HINDU","MINORITY") -> MINORITY | BA13: =IF(AU13>(AW13+AY13),"HIND","MINORITY") -> MINORITY
Z14: =IF(AND(P14<0,P14<=10),"WEAK",IF(AND(P14>10,P14<20),"BELOW AVG",IF(AND(P14>20,P14<=60),"MEDIUM",IF(AND(P14>60,P14<=90),"STRONG",""))))
D16: TOTAL BOOTH 7 | I16: BOOTH WISE CATEGORIZATION | N16: COMPARITIVE ANALYSIS
D18: BJP WON | G18: =COUNTIF(AA7:AA12,"BJP") -> 0 | I18: NARROW | L18: =COUNTIF(Y7:Y12,"NARROW") -> 0 | N18: BJP %(2018) | Q18: ='BENDR-18'!E9 -> 28.992778 | R18: BJP%(2023) | U18: =Q13 -> 29.403976
I20: MEDIUM | L20: =COUNTIF(Y7:Y12,"MEDIUM") -> 0 | N20: CONGRESS %(2018) | Q20: ='BENDR-18'!G9 -> 69.36329 | R20: CONGRESS%(2023) | U20: =R13 -> 68.81694
D21: CONGRESS WON | G21: =COUNTIF(AA7:AA12,"CONGRESS") -> 6
I22: STRONG | L22: =COUNTIF(Y7:Y12,"STRONG") -> 0 | N22: TOTAL POLLED (2018) | Q22: ='BENDR-18'!C9 -> 4119 | R22: TOTAL POLLED (2023) | U22: =L13 -> 3342
I24: LOST | L24: =COUNTIF(Y7:Y12,"LOST") -> 6 | N24: TOTAL GAIN/LOSS | Q24: =Q18-Q20 -> -40.370512 | R24: TOTAL GAIN/LOSS | U24: =U18-U20 -> -39.412964
N26: BJP%(18/23) | Q26: =U18-Q18 -> 0.41119793
N28: CONGRESS%(18/23) | Q28: =U20-Q20 -> -0.54634986
N30: INCREASE/DECREASE | Q30: =IF(Q26>Q28,"INCREASE","DECREASE") -> INCREASE
N32: ONE BOOTH HAS BEEN NEGATED IN 2023

Sheet BENDR-18
A1: BOOTH NO | B1: PS ADDRESS | C1: TOTAL POLLED | D1: BJP | E1: BJP % | F1: INC | G1: INC % | H1: JDS | I1: JDS % | J1: CPI | K1: CPI% | L1: MALE VOTERS | M1: FEMALE VOTERS | N1: TOTAL VOTERS | O1: TOTAL POLLED | P1: PERCENTAGE POLLING | Q1: HINDU | R1: HINDU PERCENTAGE IN THE CONSTITUENCY | S1: HINDU NOT POLLED | T1: % of HINDU NON VOTERS | U1: HINDU POLLED | V1: % OF HINDU VOTERS | W1: others | X1: OTHERS % | Y1: others NOT POLLED | Z1: % OF OTHERS NOT POLLED | AA1: others polled | AB1: % | AD1: BOOTH STATUS(POOLING) | AE1: HINDU POPULATION STATUS | AF1: OTHERS POPULATION STATUS | AG1: GENDER RATIO | AH1: ratio of comparision non voters | AI1: VOTE TRANSITION | AJ1: WIN STATUS
A2: 117 | B2: Government Girls Pre-University college, Balmatta (West Wing of New Building) | C2: 634 | D2: 291 | E2: =(D2/C2)*100 -> 45.899054 | F2: 318 | G2: =(F2/C2)*100 -> 50.157729 | H2: 5 | I2: =(H2/C2)*100 -> 0.78864353 | J2: 6 | K2: =(J2/C2)*100 -> 0.94637224 | L2: 496 | M2: 549 | N2: =L2+M2 -> 1045 | O2: 634 | P2: =O2/N2*100 -> 60.669856 | Q2: 531 | R2: =(Q2/N2)*100 -> 50.813397 | S2: =Q2-U2 -> 148 | T2: =(S2/Q2)*100 -> 27.87194 | U2: 383 | V2: =IFERROR(U2/Q2*100,0) -> 72.12806 | W2: 438 | X2: =100-R2 -> 49.186603 | Y2: =W2-AA2 -> 215 | Z2: =(Y2/W2)*100 -> 49.086758 | AA2: 223 | AB2: =IFERROR(AA2/W2*100,0) -> 50.913242 | AC2: =U2+AA2 -> 606 | AD2: =IF(P2>80,"EXCELLENT",IF(P2>70,"STRONG",IF(P2>60,"AVG",IF(P2>50,"WEAK",IF(P2<50,"VLOW"))))) -> AVG | AE2: =IF(R2>80,"EXCELLENT",IF(R2>70,"STRONG",IF(R2>60,"AVG",IF(R2>50,"WEAK",IF(R2<50,"VLOW"))))) -> WEAK | AF2: =IF(X2>80,"EXCELLENT",IF(X2>70,"STRONG",IF(X2>60,"AVG",IF(X2>50,"WEAK",IF(X2<50,"VLOW"))))) -> VLOW | AG2: =IF(M2>L2,"FEMALE DOM","MEN") -> FEMALE DOM | AH2: =IF(T2>Z2,"H","O") -> O | AI2: =G2-E2 -> 4.2586751 | AJ2: =IF(E2>G2,"BJP GAIN","CONGRESSGAIN") -> CONGRESSGAIN
A3: 118 | B3: Saint Agnes High School, Bendoor (North wing of Meeting hall) | C3: 695 | D3: 205 | E3: =(D3/C3)*100 -> 29.496403 | F3: 474 | G3: =(F3/C3)*100 -> 68.201439 | H3: 5 | I3: =(H3/C3)*100 -> 0.71942446 | J3: 4 | K3: =(J3/C3)*100 -> 0.57553957 | L3: 494 | M3: 607 | N3: =L3+M3 -> 1101 | O3: 695 | P3: =O3/N3*100 -> 63.124432 | Q3: 385 | R3: =(Q3/N3)*100 -> 34.968211 | S3: =Q3-U3 -> 145 | T3: =(S3/Q3)*100 -> 37.662338 | U3: 240 | V3: =IFERROR(U3/Q3*100,0) -> 62.337662 | W3: =1101-385 -> 716 | X3: =100-R3 -> 65.031789 | Y3: =W3-AA3 -> 261 | Z3: =(Y3/W3)*100 -> 36.452514 | AA3: =695-240 -> 455 | AB3: =IFERROR(AA3/W3*100,0) -> 63.547486 | AC3: =U3+AA3 -> 695 | AD3: =IF(P3>80,"EXCELLENT",IF(P3>70,"STRONG",IF(P3>60,"AVG",IF(P3>50,"WEAK",IF(P3<50,"VLOW"))))) -> AVG | AE3: =IF(R3>80,"EXCELLENT",IF(R3>70,"STRONG",IF(R3>60,"AVG",IF(R3>50,"WEAK",IF(R3<50,"VLOW"))))) -> VLOW | AF3: =IF(X3>80,"EXCELLENT",IF(X3>70,"STRONG",IF(X3>60,"AVG",IF(X3>50,"WEAK",IF(X3<50,"VLOW"))))) -> AVG | AG3: =IF(M3>L3,"FEMALE DOM","MEN") -> FEMALE DOM | AH3: =IF(T3>Z3,"H","O") -> H | AI3: =G3-E3 -> 38.705036 | AJ3: =IF(E3>G3,"BJP GAIN","CONGRESSGAIN") -> CONGRESSGAIN
A4: 122 | B4: Saint Sebastian Higher Primary School, Bendoor (East Wing) | C4: 535 | D4: 200 | E4: =(D4/C4)*100 -> 37.383178 | F4: 332 | G4: =(F4/C4)*100 -> 62.056075 | H4: 2 | I4: =(H4/C4)*100 -> 0.37383178 | J4: 0 | K4: =(J4/C4)*100 -> 0 | L4: 351 | M4: 492 | N4: =L4+M4 -> 843 | O4: 535 | P4: =O4/N4*100 -> 63.46382 | R4: =(Q4/N4)*100 -> 0 | S4: =Q4-U4 -> 0 | T4: =(S4/Q4)*100 -> #DIV/0! | V4: =IFERROR(U4/Q4*100,0) -> 0 | X4: =100-R4 -> 100 | Y4: =W4-AA4 -> 0 | Z4: =(Y4/W4)*100 -> #DIV/0! | AB4: =IFERROR(AA4/W4*100,0) -> 0 | AC4: =U4+AA4 -> 0 | AD4: =IF(P4>80,"EXCELLENT",IF(P4>70,"STRONG",IF(P4>60,"AVG",IF(P4>50,"WEAK",IF(P4<50,"VLOW"))))) -> AVG | AE4: =IF(R4>80,"EXCELLENT",IF(R4>70,"STRONG",IF(R4>60,"AVG",IF(R4>50,"WEAK",IF(R4<50,"VLOW"))))) -> VLOW | AF4: =IF(X4>80,"EXCELLENT",IF(X4>70,"STRONG",IF(X4>60,"AVG",IF(X4>50,"WEAK",IF(X4<50,"VLOW"))))) -> EXCELLENT | AG4: =IF(M4>L4,"FEMALE DOM","MEN") -> FEMALE DOM | AH4: =IF(T4>Z4,"H","O") -> #DIV/0! | AI4: =G4-E4 -> 24.672897 | AJ4: =IF(E4>G4,"BJP GAIN","CONGRESSGAIN") -> CONGRESSGAIN
A5: 124 | B5: Saint Agnes Higher Primary School, Bendoor, (West wing of Main Building) | C5: 685 | D5: 236 | E5: =(D5/C5)*100 -> 34.452555 | F5: 442 | G5: =(F5/C5)*100 -> 64.525547 | H5: 3 | I5: =(H5/C5)*100 -> 0.4379562 | J5: 1 | K5: =(J5/C5)*100 -> 0.1459854 | L5: 531 | M5: 637 | N5: =L5+M5 -> 1168 | O5: 685 | P5: =O5/N5*100 -> 58.64726 | Q5: 586 | R5: =(Q5/N5)*100 -> 50.171233 | S5: =Q5-U5 -> 268 | T5: =(S5/Q5)*100 -> 45.733788 | U5: 318 | V5: =IFERROR(U5/Q5*100,0) -> 54.266212 | W5: =441+119 -> 560 | X5: =100-R5 -> 49.828767 | Y5: =W5-AA5 -> 193 | Z5: =(Y5/W5)*100 -> 34.464286 | AA5: 367 | AB5: =IFERROR(AA5/W5*100,0) -> 65.535714 | AC5: =U5+AA5 -> 685 | AD5: =IF(P5>80,"EXCELLENT",IF(P5>70,"STRONG",IF(P5>60,"AVG",IF(P5>50,"WEAK",IF(P5<50,"VLOW"))))) -> WEAK | AE5: =IF(R5>80,"EXCELLENT",IF(R5>70,"STRONG",IF(R5>60,"AVG",IF(R5>50,"WEAK",IF(R5<50,"VLOW"))))) -> WEAK | AF5: =IF(X5>80,"EXCELLENT",IF(X5>70,"STRONG",IF(X5>60,"AVG",IF(X5>50,"WEAK",IF(X5<50,"VLOW"))))) -> VLOW | AG5: =IF(M5>L5,"FEMALE DOM","MEN") -> FEMALE DOM | AH5: =IF(T5>Z5,"H","O") -> H | AI5: =G5-E5 -> 30.072993 | AJ5: =IF(E5>G5,"BJP GAIN","CONGRESSGAIN") -> CONGRESSGAIN
A6: 148 | B6: St Maries Girls High School, Falnir,( Room no 1) | C6: 515 | D6: 88 | E6: =(D6/C6)*100 -> 17.087379 | F6: 423 | G6: =(F6/C6)*100 -> 82.135922 | H6: 0 | I6: =(H6/C6)*100 -> 0 | J6: 0 | K6: =(J6/C6)*100 -> 0 | L6: 410 | M6: 503 | N6: =L6+M6 -> 913 | O6: 515 | P6: =O6/N6*100 -> 56.407448 | Q6: 204 | R6: =(Q6/N6)*100 -> 22.343921 | S6: =Q6-U6 -> 81 | T6: =(S6/Q6)*100 -> 39.705882 | U6: 123 | V6: =IFERROR(U6/Q6*100,0) -> 60.294118 | W6: =367+344+15 -> 726 | X6: =100-R6 -> 77.656079 | Y6: =W6-AA6 -> 349 | Z6: =(Y6/W6)*100 -> 48.071625 | AA6: =184+193 -> 377 | AB6: =IFERROR(AA6/W6*100,0) -> 51.928375 | AC6: =U6+AA6 -> 500 | AD6: =IF(P6>80,"EXCELLENT",IF(P6>70,"STRONG",IF(P6>60,"AVG",IF(P6>50,"WEAK",IF(P6<50,"VLOW"))))) -> WEAK | AE6: =IF(R6>80,"EXCELLENT",IF(R6>70,"STRONG",IF(R6>60,"AVG",IF(R6>50,"WEAK",IF(R6<50,"VLOW"))))) -> VLOW | AF6: =IF(X6>80,"EXCELLENT",IF(X6>70,"STRONG",IF(X6>60,"AVG",IF(X6>50,"WEAK",IF(X6<50,"VLOW"))))) -> STRONG | AG6: =IF(M6>L6,"FEMALE DOM","MEN") -> FEMALE DOM | AH6: =IF(T6>Z6,"H","O") -> O | AI6: =G6-E6 -> 65.048544 | AJ6: =IF(E6>G6,"BJP GAIN","CONGRESSGAIN") -> CONGRESSGAIN
A7: 149 | B7: St Maries Girls High School, Falnir,( Room no 1) | C7: 622 | D7: 111 | E7: =(D7/C7)*100 -> 17.845659 | F7: 503 | G7: =(F7/C7)*100 -> 80.868167 | H7: 0 | I7: =(H7/C7)*100 -> 0 | J7: 0 | K7: =(J7/C7)*100 -> 0 | L7: 476 | M7: 574 | N7: =L7+M7 -> 1050 | O7: 622 | P7: =O7/N7*100 -> 59.238095 | R7: =(Q7/N7)*100 -> 0 | S7: =Q7-U7 -> 0 | T7: =(S7/Q7)*100 -> #DIV/0! | V7: =IFERROR(U7/Q7*100,0) -> 0 | X7: =100-R7 -> 100 | Y7: =W7-AA7 -> 0 | Z7: =(Y7/W7)*100 -> #DIV/0! | AB7: =IFERROR(AA7/W7*100,0) -> 0 | AC7: =U7+AA7 -> 0 | AD7: =IF(P7>80,"EXCELLENT",IF(P7>70,"STRONG",IF(P7>60,"AVG",IF(P7>50,"WEAK",IF(P7<50,"VLOW"))))) -> WEAK | AE7: =IF(R7>80,"EXCELLENT",IF(R7>70,"STRONG",IF(R7>60,"AVG",IF(R7>50,"WEAK",IF(R7<50,"VLOW"))))) -> VLOW | AF7: =IF(X7>80,"EXCELLENT",IF(X7>70,"STRONG",IF(X7>60,"AVG",IF(X7>50,"WEAK",IF(X7<50,"VLOW"))))) -> EXCELLENT | AG7: =IF(M7>L7,"FEMALE DOM","MEN") -> FEMALE DOM | AH7: =IF(T7>Z7,"H","O") -> #DIV/0! | AI7: =G7-E7 -> 63.022508 | AJ7: =IF(E7>G7,"BJP GAIN","CONGRESSGAIN") -> CONGRESSGAIN
A8: 153 | B8: United Bosel Mission Aided Higher Primary School, Balmatta | C8: 433 | D8: 90 | E8: =(D8/C8)*100 -> 20.785219 | F8: 336 | G8: =(F8/C8)*100 -> 77.598152 | H8: 0 | I8: =(H8/C8)*100 -> 0 | J8: 0 | K8: =(J8/C8)*100 -> 0 | L8: 396 | M8: 431 | N8: =L8+M8 -> 827 | O8: 433 | P8: =O8/N8*100 -> 52.35792 | R8: =(Q8/N8)*100 -> 0 | S8: =Q8-U8 -> 0 | T8: =(S8/Q8)*100 -> #DIV/0! | V8: =IFERROR(U8/Q8*100,0) -> 0 | X8: =100-R8 -> 100 | Y8: =W8-AA8 -> 0 | Z8: =(Y8/W8)*100 -> #DIV/0! | AB8: =IFERROR(AA8/W8*100,0) -> 0 | AC8: =U8+AA8 -> 0 | AD8: =IF(P8>80,"EXCELLENT",IF(P8>70,"STRONG",IF(P8>60,"AVG",IF(P8>50,"WEAK",IF(P8<50,"VLOW"))))) -> WEAK | AE8: =IF(R8>80,"EXCELLENT",IF(R8>70,"STRONG",IF(R8>60,"AVG",IF(R8>50,"WEAK",IF(R8<50,"VLOW"))))) -> VLOW | AF8: =IF(X8>80,"EXCELLENT",IF(X8>70,"STRONG",IF(X8>60,"AVG",IF(X8>50,"WEAK",IF(X8<50,"VLOW"))))) -> EXCELLENT | AG8: =IF(M8>L8,"FEMALE DOM","MEN") -> FEMALE DOM | AH8: =IF(T8>Z8,"H","O") -> #DIV/0! | AI8: =G8-E8 -> 56.812933 | AJ8: =IF(E8>G8,"BJP GAIN","CONGRESSGAIN") -> CONGRESSGAIN
C9: =SUM(C2:C8) -> 4119 | D9: =SUM(D2:D8) -> 1221 | E9: =AVERAGE(E2:E8) -> 28.992778 | F9: =SUM(F2:F8) -> 2828 | G9: =AVERAGE(G2:G8) -> 69.36329 | H9: =SUM(H2:H8) -> 15 | I9: =AVERAGE(I2:I8) -> 0.331408 | J9: =SUM(J2:J8) -> 11 | K9: =AVERAGE(K2:K8) -> 0.23827103 | AI9: =G9-E9 -> 40.370512 | AJ9: =IF(E9>G9,"BJP GAIN","CONGRESSGAIN") -> CONGRESSGAIN

Sheet BENGRE
A1: WARD NAME | B1: BOOTH | C1: TOTAL VOTERS | D1: No of Valid Votes Cast in favor of | L1: Total of Valid Votes | M1: No.Of Rejected votes | N1: NOTA | O1: Total | P1: TOTAL POLLING % | Q1: BJP% | R1: CONGRESS % | S1: JDS % | T1: AAP% | U1: TOTAL INDEPENDENT % | V1: NOTA% | W1: BJP V/S CONG | X1: BJP V/S OP | Y1: BOOTH CATEGORIZATION | Z1: POLLING BOOTH STATS | AA1: BJP/CONGRESS | AB1: Electors Total | AC1: Electors Polled | AD1: Male Total | AE1: Male Polled | AF1: Female Total | AG1: Female Polled | AH1: Hindus Total | AI1: Hindus Polled | AJ1: Muslims Total | AK1: Muslims Polled | AL1: Christians Total | AM1: Christian polled | AN1: MALE % | AO1: TOTAL MALE POLLED% | AP1: FEMALE % | AQ1: TOTAL FEMALE POLLED % | AR1: GENDER STATS | AS1: MEN POLLING V/S FEMALE POLLING | AT1: TOTAL HINDU% | AU1: TOTAL HINDU POLLED % | AV1: TOTAL MUSLIM % | AW1: TOTAL MUSLIM POLLED % | AX1: TOTAL CHRISTIAN % | AY1: TOTAL CHRISTIAN POLLED % | AZ1: MAJORITY VS MINORITY | BA1: POLLING MAJORITY VS MINORITY
D3: J.R.LOBO | E3: D.VEDAVYASA KAMATH | F3: S | G3: K.SANTHOSH KAMATH | H3: DHARMENDRA | I3: WINNY PINTO | J3: S | K3: K.S.PAI
A7: BENGRE | B7: 94 | C7: 721 | D7: 66 | E7: 483 | F7: 3 | G7: 1 | H7: 0 | I7: 0 | J7: 1 | K7: 1 | L7: 555 | M7: 0 | N7: 2 | O7: =D7+E7+F7+G7+H7+I7+J7+K7+N7 -> 557 | P7: =(O7/C7)*100 -> 77.253814 | Q7: =(E7/O7)*100 -> 86.714542 | R7: =(D7/O7)*100 -> 11.849192 | S7: =(F7/O7)*100 -> 0.53859964 | T7: =(G7/O7)*100 -> 0.17953321 | U7: =((H7+I7+J7+K7)/O7)*100 -> 0.35906643 | V7: =(N7/O7)*100 -> 0.35906643 | W7: =Q7-R7 -> 74.86535 | X7: =Q7-(R7+S7+T7+U7) -> 73.788151 | Y7: =IF(AND(W7<0,W7<=1),"LOST",IF(AND(W7>1,W7<=10),"NARROW",IF(AND(W7>10,W7<=40),"MEDIUM",IF(AND(W7>40,W7<=90),"STRONG","")))) -> STRONG | Z7: =IF(AND(P7<0,P7<=10),"WEAK",IF(AND(P7>10,P7<20),"BELOW AVG",IF(AND(P7>20,P7<=60),"MEDIUM",IF(AND(P7>60,P7<=90),"STRONG","")))) -> STRONG | AA7: =IF(Q7>R7,"BJP","CONGRESS") -> BJP | AB7: 718 | AC7: 536 | AD7: 344 | AE7: 259 | AF7: 374 | AG7: 277 | AH7: 708 | AI7: 534 | AJ7: 2 | AK7: 0 | AL7: 8 | AM7: 2 | AN7: =(AD7/AB7)*100 -> 47.910864 | AO7: =(AE7/AC7)*100 -> 48.320896 | AP7: =(AF7/AB7)*100 -> 52.089136 | AQ7: =(AG7/AC7)*100 -> 51.679104 | AR7: =IF(AN7>AP7,"MALE DOM","FEMALE DOM") -> FEMALE DOM | AS7: =IF(AO7>AP7,"MALE","FEMALE") -> FEMALE | AT7: =(AH7/AB7)*100 -> 98.607242 | AU7: =(AI7/AC7)*100 -> 99.626866 | AV7: =(AJ7/AB7)*100 -> 0.27855153 | AW7: =(AK7/AC7)*100 -> 0 | AX7: =(AL7/AB7)*100 -> 1.1142061 | AY7: =(AM7/AC7)*100 -> 0.37313433 | AZ7: =IF(AT7>(AV7+AX7),"HINDU","MINORITY") -> HINDU | BA7: =IF(AU7>(AW7+AY7),"HIND","MINORITY") -> HIND
B8: 95 | C8: 1313 | D8: 735 | E8: 130 | F8: 18 | G8: 0 | H8: 0 | I8: 0 | J8: 0 | K8: 1 | L8: 884 | M8: 0 | N8: 4 | O8: =D8+E8+F8+G8+H8+I8+J8+K8+N8 -> 888 | P8: =(O8/C8)*100 -> 67.631379 | Q8: =(E8/O8)*100 -> 14.63964 | R8: =(D8/O8)*100 -> 82.77027 | S8: =(F8/O8)*100 -> 2.027027 | T8: =(G8/O8)*100 -> 0 | U8: =((H8+I8+J8+K8)/O8)*100 -> 0.11261261 | V8: =(N8/O8)*100 -> 0.45045045 | W8: =Q8-R8 -> -68.130631 | X8: =Q8-(R8+S8+T8+U8) -> -70.27027 | Y8: =IF(AND(W8<0,W8<=1),"LOST",IF(AND(W8>1,W8<=10),"NARROW",IF(AND(W8>10,W8<=40),"MEDIUM",IF(AND(W8>40,W8<=90),"STRONG","")))) -> LOST | Z8: =IF(AND(P8<0,P8<=10),"WEAK",IF(AND(P8>10,P8<20),"BELOW AVG",IF(AND(P8>20,P8<=60),"MEDIUM",IF(AND(P8>60,P8<=90),"STRONG","")))) -> STRONG | AA8: =IF(Q8>R8,"BJP","CONGRESS") -> CONGRESS | AB8: 1302 | AD8: 623 | AF8: 679 | AH8: 3 | AJ8: 1299 | AL8: 0 | AN8: =(AD8/AB8)*100 -> 47.849462 | AO8: =(AE8/AC8)*100 -> #DIV/0! | AP8: =(AF8/AB8)*100 -> 52.150538 | AQ8: =(AG8/AC8)*100 -> #DIV/0! | AR8: =IF(AN8>AP8,"MALE DOM","FEMALE DOM") -> FEMALE DOM | AS8: =IF(AO8>AP8,"MALE","FEMALE") -> #DIV/0! | AT8: =(AH8/AB8)*100 -> 0.23041475 | AU8: =(AI8/AC8)*100 -> #DIV/0! | AV8: =(AJ8/AB8)*100 -> 99.769585 | AW8: =(AK8/AC8)*100 -> #DIV/0! | AX8: =(AL8/AB8)*100 -> 0 | AY8: =(AM8/AC8)*100 -> #DIV/0! | AZ8: =IF(AT8>(AV8+AX8),"HINDU","MINORITY") -> MINORITY | BA8: =IF(AU8>(AW8+AY8),"HIND","MINORITY") -> #DIV/0!
B9: 96 | C9: 1112 | D9: 687 | E9: 56 | F9: 17 | G9: 1 | H9: 0 | I9: 0 | J9: 0 | K9: 0 | L9: 761 | M9: 0 | N9: 4 | O9: =D9+E9+F9+G9+H9+I9+J9+K9+N9 -> 765 | P9: =(O9/C9)*100 -> 68.794964 | Q9: =(E9/O9)*100 -> 7.3202614 | R9: =(D9/O9)*100 -> 89.803922 | S9: =(F9/O9)*100 -> 2.2222222 | T9: =(G9/O9)*100 -> 0.13071895 | U9: =((H9+I9+J9+K9)/O9)*100 -> 0 | V9: =(N9/O9)*100 -> 0.52287582 | W9: =Q9-R9 -> -82.48366 | X9: =Q9-(R9+S9+T9+U9) -> -84.836601 | Y9: =IF(AND(W9<0,W9<=1),"LOST",IF(AND(W9>1,W9<=10),"NARROW",IF(AND(W9>10,W9<=40),"MEDIUM",IF(AND(W9>40,W9<=90),"STRONG","")))) -> LOST | Z9: =IF(AND(P9<0,P9<=10),"WEAK",IF(AND(P9>10,P9<20),"BELOW AVG",IF(AND(P9>20,P9<=60),"MEDIUM",IF(AND(P9>60,P9<=90),"STRONG","")))) -> STRONG | AA9: =IF(Q9>R9,"BJP","CONGRESS") -> CONGRESS | AB9: 1109 | AD9: 560 | AF9: 549 | AH9: 0 | AJ9: 1109 | AL9: 0 | AN9: =(AD9/AB9)*100 -> 50.495942 | AO9: =(AE9/AC9)*100 -> #DIV/0! | AP9: =(AF9/AB9)*100 -> 49.504058 | AQ9: =(AG9/AC9)*100 -> #DIV/0! | AR9: =IF(AN9>AP9,"MALE DOM","FEMALE DOM") -> MALE DOM | AS9: =IF(AO9>AP9,"MALE","FEMALE") -> #DIV/0! | AT9: =(AH9/AB9)*100 -> 0 | AU9: =(AI9/AC9)*100 -> #DIV/0! | AV9: =(AJ9/AB9)*100 -> 100 | AW9: =(AK9/AC9)*100 -> #DIV/0! | AX9: =(AL9/AB9)*100 -> 0 | AY9: =(AM9/AC9)*100 -> #DIV/0! | AZ9: =IF(AT9>(AV9+AX9),"HINDU","MINORITY") -> MINORITY | BA9: =IF(AU9>(AW9+AY9),"HIND","MINORITY") -> #DIV/0!
B10: 99 | C10: 1399 | D10: 868 | E10: 50 | F10: 14 | G10: 1 | H10: 0 | I10: 0 | J10: 2 | K10: 2 | L10: 937 | M10: 0 | N10: 9 | O10: =D10+E10+F10+G10+H10+I10+J10+K10+N10 -> 946 | P10: =(O10/C10)*100 -> 67.619728 | Q10: =(E10/O10)*100 -> 5.2854123 | R10: =(D10/O10)*100 -> 91.754757 | S10: =(F10/O10)*100 -> 1.4799154 | T10: =(G10/O10)*100 -> 0.10570825 | U10: =((H10+I10+J10+K10)/O10)*100 -> 0.42283298 | V10: =(N10/O10)*100 -> 0.95137421 | W10: =Q10-R10 -> -86.469345 | X10: =Q10-(R10+S10+T10+U10) -> -88.477801 | Y10: =IF(AND(W10<0,W10<=1),"LOST",IF(AND(W10>1,W10<=10),"NARROW",IF(AND(W10>10,W10<=40),"MEDIUM",IF(AND(W10>40,W10<=90),"STRONG","")))) -> LOST | Z10: =IF(AND(P10<0,P10<=10),"WEAK",IF(AND(P10>10,P10<20),"BELOW AVG",IF(AND(P10>20,P10<=60),"MEDIUM",IF(AND(P10>60,P10<=90),"STRONG","")))) -> STRONG | AA10: =IF(Q10>R10,"BJP","CONGRESS") -> CONGRESS | AB10: 1384 | AD10: 659 | AF10: 724 | AH10: 0 | AJ10: 1383 | AL10: 1 | AN10: =(AD10/AB10)*100 -> 47.615607 | AO10: =(AE10/AC10)*100 -> #DIV/0! | AP10: =(AF10/AB10)*100 -> 52.312139 | AQ10: =(AG10/AC10)*100 -> #DIV/0! | AR10: =IF(AN10>AP10,"MALE DOM","FEMALE DOM") -> FEMALE DOM | AS10: =IF(AO10>AP10,"MALE","FEMALE") -> #DIV/0! | AT10: =(AH10/AB10)*100 -> 0 | AU10: =(AI10/AC10)*100 -> #DIV/0! | AV10: =(AJ10/AB10)*100 -> 99.927746 | AW10: =(AK10/AC10)*100 -> #DIV/0! | AX10: =(AL10/AB10)*100 -> 0.072254335 | AY10: =(AM10/AC10)*100 -> #DIV/0! | AZ10: =IF(AT10>(AV10+AX10),"HINDU","MINORITY") -> MINORITY | BA10: =IF(AU10>(AW10+AY10),"HIND","MINORITY") -> #DIV/0!
B11: 97 | C11: 777 | D11: 505 | E11: 25 | F11: 7 | G11: 1 | H11: 0 | I11: 0 | J11: 1 | K11: 0 | L11: 539 | M11: 0 | N11: 7 | O11: =D11+E11+F11+G11+H11+I11+J11+K11+N11 -> 546 | P11: =(O11/C11)*100 -> 70.27027 | Q11: =(E11/O11)*100 -> 4.5787546 | R11: =(D11/O11)*100 -> 92.490842 | S11: =(F11/O11)*100 -> 1.2820513 | T11: =(G11/O11)*100 -> 0.18315018 | U11: =((H11+I11+J11+K11)/O11)*100 -> 0.18315018 | V11: =(N11/O11)*100 -> 1.2820513 | W11: =Q11-R11 -> -87.912088 | X11: =Q11-(R11+S11+T11+U11) -> -89.56044 | Y11: =IF(AND(W11<0,W11<=1),"LOST",IF(AND(W11>1,W11<=10),"NARROW",IF(AND(W11>10,W11<=40),"MEDIUM",IF(AND(W11>40,W11<=90),"STRONG","")))) -> LOST | Z11: =IF(AND(P11<0,P11<=10),"WEAK",IF(AND(P11>10,P11<20),"BELOW AVG",IF(AND(P11>20,P11<=60),"MEDIUM",IF(AND(P11>60,P11<=90),"STRONG","")))) -> STRONG | AA11: =IF(Q11>R11,"BJP","CONGRESS") -> CONGRESS | AB11: 769 | AD11: 392 | AF11: 377 | AH11: 0 | AJ11: 769 | AL11: 0 | AN11: =(AD11/AB11)*100 -> 50.975293 | AO11: =(AE11/AC11)*100 -> #DIV/0! | AP11: =(AF11/AB11)*100 -> 49.024707 | AQ11: =(AG11/AC11)*100 -> #DIV/0! | AR11: =IF(AN11>AP11,"MALE DOM","FEMALE DOM") -> MALE DOM | AS11: =IF(AO11>AP11,"MALE","FEMALE") -> #DIV/0! | AT11: =(AH11/AB11)*100 -> 0 | AU11: =(AI11/AC11)*100 -> #DIV/0! | AV11: =(AJ11/AB11)*100 -> 100 | AW11: =(AK11/AC11)*100 -> #DIV/0! | AX11: =(AL11/AB11)*100 -> 0 | AY11: =(AM11/AC11)*100 -> #DIV/0! | AZ11: =IF(AT11>(AV11+AX11),"HINDU","MINORITY") -> MINORITY | BA11: =IF(AU11>(AW11+AY11),"HIND","MINORITY") -> #DIV/0!
